user_id,event_date,period,user_segment,device,traffic_source,visit,product_view,cart,payment,purchase,error_type,purchase_amount
100001,2026-08-01,before,new,PC,X,1,1,0,0,0,none,0
100002,2026-08-01,before,light,iOS,Direct,1,0,0,0,0,none,0
100003,2026-08-01,before,new,PC,Instagram,1,1,1,1,1,none,5405
100004,2026-08-01,before,new,PC,Instagram,1,1,0,0,0,none,0
100005,2026-08-01,before,heavy,Android,Google,1,1,1,1,0,none,0
100006,2026-08-01,before,heavy,Android,Instagram,1,1,0,0,0,none,0
100007,2026-08-01,before,new,Android,X,1,1,0,0,0,none,0
100008,2026-08-01,before,heavy,iOS,Direct,1,1,1,1,1,none,6451
100009,2026-08-01,before,heavy,Android,Google,1,1,0,0,0,none,0
100010,2026-08-01,before,light,Android,Google,1,1,0,0,0,none,0
100011,2026-08-01,before,new,iOS,Direct,1,0,0,0,0,none,0
100012,2026-08-01,before,heavy,PC,Instagram,1,1,1,1,1,none,6674
100013,2026-08-01,before,light,iOS,Instagram,1,0,0,0,0,none,0
100014,2026-08-01,before,new,PC,Direct,1,1,1,0,0,none,0
100015,2026-08-01,before,light,iOS,Direct,1,0,0,0,0,none,0
100016,2026-08-01,before,new,PC,X,1,1,0,0,0,none,0
100017,2026-08-01,before,light,iOS,X,1,0,0,0,0,none,0
100018,2026-08-01,before,new,iOS,Google,1,1,0,0,0,none,0
100019,2026-08-01,before,new,iOS,Instagram,1,1,1,1,0,none,0
100020,2026-08-01,before,new,iOS,Google,1,1,0,0,0,none,0
100021,2026-08-01,before,light,iOS,Direct,1,1,1,1,1,none,6751
100022,2026-08-01,before,heavy,iOS,Google,1,1,1,1,1,none,10484
100023,2026-08-01,before,new,Android,Google,1,1,1,1,0,none,0
100024,2026-08-01,before,light,iOS,X,1,0,0,0,0,none,0
100025,2026-08-01,before,light,Android,Direct,1,1,0,0,0,none,0
100026,2026-08-01,before,heavy,PC,Instagram,1,1,1,0,0,none,0
100027,2026-08-01,before,heavy,Android,Direct,1,1,1,1,1,none,6632
100028,2026-08-01,before,light,Android,Instagram,1,1,0,0,0,none,0
100029,2026-08-01,before,light,Android,Instagram,1,1,0,0,0,none,0
100030,2026-08-01,before,heavy,iOS,Direct,1,1,0,0,0,none,0
100031,2026-08-01,before,heavy,Android,X,1,1,1,0,0,none,0
100032,2026-08-01,before,light,Android,X,1,1,0,0,0,none,0
100033,2026-08-01,before,new,Android,Instagram,1,1,1,0,0,none,0
100034,2026-08-01,before,light,PC,Direct,1,1,1,1,1,none,6170
100035,2026-08-01,before,heavy,iOS,X,1,1,0,0,0,none,0
100036,2026-08-01,before,heavy,PC,Google,1,1,1,1,1,none,6804
100037,2026-08-01,before,heavy,Android,Google,1,1,0,0,0,none,0
100038,2026-08-01,before,heavy,Android,Google,1,0,0,0,0,none,0
100039,2026-08-01,before,light,Android,Instagram,1,1,0,0,0,none,0
100040,2026-08-01,before,light,Android,Google,1,1,1,0,0,none,0
100041,2026-08-01,before,new,Android,Instagram,1,1,1,1,1,none,3806
100042,2026-08-01,before,light,Android,Direct,1,1,1,1,1,none,6741
100043,2026-08-01,before,light,iOS,Direct,1,0,0,0,0,none,0
100044,2026-08-01,before,light,iOS,X,1,1,0,0,0,none,0
100045,2026-08-01,before,new,Android,Direct,1,0,0,0,0,none,0
100046,2026-08-01,before,light,Android,Google,1,1,0,0,0,none,0
100047,2026-08-01,before,new,iOS,Instagram,1,1,0,0,0,none,0
100048,2026-08-01,before,new,Android,Google,1,1,0,0,0,none,0
100049,2026-08-01,before,new,iOS,Google,1,0,0,0,0,none,0
100050,2026-08-01,before,heavy,PC,X,1,1,1,1,1,none,10716
100051,2026-08-01,before,light,iOS,Direct,1,1,1,0,0,none,0
100052,2026-08-01,before,heavy,iOS,X,1,1,1,1,0,none,0
100053,2026-08-01,before,new,PC,Google,1,1,1,1,1,none,4404
100054,2026-08-01,before,light,Android,X,1,1,1,0,0,none,0
100055,2026-08-01,before,new,PC,X,1,1,1,1,1,none,5397
100056,2026-08-01,before,new,PC,Google,1,1,0,0,0,none,0
100057,2026-08-01,before,heavy,iOS,X,1,1,0,0,0,none,0
100058,2026-08-01,before,new,iOS,Direct,1,1,1,0,0,none,0
100059,2026-08-01,before,new,PC,Direct,1,0,0,0,0,none,0
100060,2026-08-01,before,new,PC,Instagram,1,1,0,0,0,none,0
100061,2026-08-01,before,heavy,iOS,Google,1,1,0,0,0,none,0
100062,2026-08-01,before,new,PC,Google,1,1,1,1,1,none,3092
100063,2026-08-01,before,light,PC,Instagram,1,1,1,1,1,none,5514
100064,2026-08-01,before,new,iOS,Google,1,1,1,0,0,none,0
100065,2026-08-01,before,heavy,Android,X,1,1,1,1,1,none,11089
100066,2026-08-01,before,heavy,PC,X,1,0,0,0,0,none,0
100067,2026-08-01,before,light,iOS,Google,1,1,0,0,0,none,0
100068,2026-08-01,before,new,Android,Instagram,1,1,1,0,0,none,0
100069,2026-08-01,before,light,Android,Google,1,1,1,1,1,none,7655
100070,2026-08-01,before,light,Android,X,1,1,1,1,1,none,6264
100071,2026-08-01,before,light,Android,Google,1,1,0,0,0,none,0
100072,2026-08-01,before,new,iOS,Instagram,1,0,0,0,0,none,0
100073,2026-08-01,before,new,iOS,Google,1,1,1,1,1,none,5382
100074,2026-08-01,before,new,Android,Google,1,1,0,0,0,none,0
100075,2026-08-01,before,new,iOS,Direct,1,0,0,0,0,none,0
100076,2026-08-01,before,new,Android,Instagram,1,0,0,0,0,none,0
100077,2026-08-01,before,new,PC,Google,1,1,0,0,0,none,0
100078,2026-08-01,before,heavy,iOS,Google,1,1,0,0,0,none,0
100079,2026-08-01,before,new,iOS,X,1,1,1,1,1,none,1808
100080,2026-08-01,before,light,iOS,Direct,1,1,1,1,1,none,2993
100081,2026-08-01,before,new,PC,Google,1,1,1,0,0,none,0
100082,2026-08-01,before,heavy,Android,Google,1,1,1,1,1,none,11804
100083,2026-08-01,before,new,PC,X,1,1,1,1,0,none,0
100084,2026-08-01,before,new,iOS,Direct,1,1,1,1,1,none,2975
100085,2026-08-01,before,new,PC,X,1,0,0,0,0,none,0
100086,2026-08-01,before,light,Android,Direct,1,1,0,0,0,none,0
100087,2026-08-01,before,light,Android,Google,1,1,0,0,0,none,0
100088,2026-08-01,before,light,Android,Google,1,1,1,0,0,none,0
100089,2026-08-01,before,heavy,Android,Direct,1,0,0,0,0,none,0
100090,2026-08-01,before,light,iOS,Google,1,1,1,0,0,none,0
100091,2026-08-01,before,light,Android,X,1,1,0,0,0,none,0
100092,2026-08-01,before,new,iOS,Instagram,1,1,0,0,0,none,0
100093,2026-08-01,before,heavy,PC,Google,1,1,1,1,0,none,0
100094,2026-08-01,before,new,Android,Direct,1,1,1,1,0,none,0
100095,2026-08-01,before,new,Android,Google,1,1,0,0,0,none,0
100096,2026-08-01,before,new,Android,Instagram,1,1,1,0,0,none,0
100097,2026-08-01,before,light,PC,Direct,1,1,1,1,1,none,8723
100098,2026-08-01,before,new,PC,Instagram,1,0,0,0,0,none,0
100099,2026-08-01,before,light,Android,Google,1,1,1,1,0,none,0
100100,2026-08-01,before,light,PC,Instagram,1,1,0,0,0,none,0
100101,2026-08-01,before,light,Android,Direct,1,1,0,0,0,none,0
100102,2026-08-01,before,new,PC,Google,1,1,0,0,0,none,0
100103,2026-08-01,before,light,iOS,Google,1,0,0,0,0,none,0
100104,2026-08-01,before,light,iOS,Direct,1,1,0,0,0,none,0
100105,2026-08-01,before,light,Android,Google,1,0,0,0,0,none,0
100106,2026-08-01,before,light,Android,X,1,1,1,1,1,none,4803
100107,2026-08-01,before,heavy,iOS,Direct,1,0,0,0,0,none,0
100108,2026-08-01,before,new,Android,Direct,1,0,0,0,0,none,0
100109,2026-08-01,before,new,Android,Instagram,1,1,1,0,0,none,0
100110,2026-08-01,before,heavy,Android,Google,1,1,1,1,1,none,5818
100111,2026-08-01,before,new,Android,Direct,1,0,0,0,0,none,0
100112,2026-08-01,before,light,iOS,Google,1,1,0,0,0,none,0
100113,2026-08-01,before,heavy,iOS,Direct,1,0,0,0,0,none,0
100114,2026-08-01,before,heavy,Android,X,1,1,0,0,0,none,0
100115,2026-08-01,before,heavy,Android,Direct,1,1,1,1,1,none,7686
100116,2026-08-01,before,light,Android,Google,1,0,0,0,0,none,0
100117,2026-08-01,before,light,PC,Google,1,1,1,0,0,none,0
100118,2026-08-01,before,light,PC,Instagram,1,1,0,0,0,none,0
100119,2026-08-01,before,light,Android,Instagram,1,1,1,1,1,none,10377
100120,2026-08-01,before,new,iOS,X,1,1,0,0,0,none,0
100121,2026-08-02,before,new,Android,Google,1,0,0,0,0,none,0
100122,2026-08-02,before,light,PC,Google,1,1,1,1,1,none,4718
100123,2026-08-02,before,new,Android,Instagram,1,0,0,0,0,none,0
100124,2026-08-02,before,light,PC,Direct,1,1,0,0,0,none,0
100125,2026-08-02,before,light,iOS,Google,1,1,1,1,1,none,4937
100126,2026-08-02,before,heavy,PC,Google,1,1,1,1,1,none,8449
100127,2026-08-02,before,new,Android,Direct,1,1,0,0,0,none,0
100128,2026-08-02,before,heavy,iOS,X,1,0,0,0,0,none,0
100129,2026-08-02,before,new,Android,Instagram,1,0,0,0,0,none,0
100130,2026-08-02,before,light,iOS,Google,1,1,1,1,1,none,6603
100131,2026-08-02,before,light,iOS,X,1,1,1,1,1,none,800
100132,2026-08-02,before,heavy,Android,Instagram,1,1,1,1,1,none,10871
100133,2026-08-02,before,new,Android,Google,1,1,0,0,0,none,0
100134,2026-08-02,before,new,iOS,Google,1,0,0,0,0,none,0
100135,2026-08-02,before,light,iOS,Direct,1,0,0,0,0,none,0
100136,2026-08-02,before,light,Android,X,1,1,1,1,1,none,6398
100137,2026-08-02,before,light,PC,Direct,1,1,1,1,1,none,4495
100138,2026-08-02,before,light,Android,Direct,1,1,0,0,0,none,0
100139,2026-08-02,before,light,iOS,Google,1,0,0,0,0,none,0
100140,2026-08-02,before,new,iOS,Direct,1,1,1,0,0,none,0
100141,2026-08-02,before,light,PC,Google,1,1,0,0,0,none,0
100142,2026-08-02,before,heavy,PC,X,1,0,0,0,0,none,0
100143,2026-08-02,before,light,Android,X,1,1,0,0,0,none,0
100144,2026-08-02,before,new,Android,Google,1,0,0,0,0,none,0
100145,2026-08-02,before,light,Android,X,1,1,1,1,1,none,6067
100146,2026-08-02,before,new,Android,Google,1,1,0,0,0,none,0
100147,2026-08-02,before,light,iOS,Instagram,1,0,0,0,0,none,0
100148,2026-08-02,before,heavy,iOS,Direct,1,1,0,0,0,none,0
100149,2026-08-02,before,light,iOS,Direct,1,1,0,0,0,none,0
100150,2026-08-02,before,light,iOS,X,1,0,0,0,0,none,0
100151,2026-08-02,before,light,PC,Direct,1,0,0,0,0,none,0
100152,2026-08-02,before,new,Android,Direct,1,1,1,1,1,none,5134
100153,2026-08-02,before,light,Android,Google,1,1,1,0,0,none,0
100154,2026-08-02,before,light,PC,X,1,1,1,1,1,none,10478
100155,2026-08-02,before,light,iOS,Google,1,1,1,1,1,none,5223
100156,2026-08-02,before,heavy,iOS,Instagram,1,1,1,1,1,none,10170
100157,2026-08-02,before,light,iOS,Google,1,1,0,0,0,none,0
100158,2026-08-02,before,heavy,Android,Google,1,1,0,0,0,none,0
100159,2026-08-02,before,new,PC,Direct,1,1,0,0,0,none,0
100160,2026-08-02,before,heavy,iOS,Google,1,1,1,1,1,none,10607
100161,2026-08-02,before,light,iOS,X,1,1,0,0,0,none,0
100162,2026-08-02,before,light,Android,Instagram,1,1,1,1,1,none,5254
100163,2026-08-02,before,light,Android,Google,1,1,0,0,0,none,0
100164,2026-08-02,before,light,Android,Google,1,1,1,1,1,none,7215
100165,2026-08-02,before,heavy,iOS,Google,1,0,0,0,0,none,0
100166,2026-08-02,before,heavy,Android,Instagram,1,0,0,0,0,none,0
100167,2026-08-02,before,new,iOS,Google,1,1,0,0,0,none,0
100168,2026-08-02,before,heavy,iOS,Instagram,1,1,0,0,0,none,0
100169,2026-08-02,before,light,Android,Direct,1,1,0,0,0,none,0
100170,2026-08-02,before,new,iOS,Instagram,1,1,1,1,1,none,4817
100171,2026-08-02,before,new,Android,X,1,0,0,0,0,none,0
100172,2026-08-02,before,heavy,iOS,X,1,1,0,0,0,none,0
100173,2026-08-02,before,new,Android,Google,1,1,1,1,1,none,3894
100174,2026-08-02,before,light,Android,Direct,1,1,0,0,0,none,0
100175,2026-08-02,before,light,iOS,Instagram,1,1,0,0,0,none,0
100176,2026-08-02,before,light,Android,Google,1,1,0,0,0,none,0
100177,2026-08-02,before,new,Android,Google,1,0,0,0,0,timeout_error,0
100178,2026-08-02,before,light,iOS,Direct,1,1,1,1,0,none,0
100179,2026-08-02,before,new,iOS,X,1,1,1,1,1,none,3411
100180,2026-08-02,before,new,Android,Google,1,1,1,1,1,none,3421
100181,2026-08-02,before,light,Android,Direct,1,1,0,0,0,none,0
100182,2026-08-02,before,heavy,PC,X,1,1,0,0,0,none,0
100183,2026-08-02,before,light,Android,Google,1,1,1,1,1,none,6870
100184,2026-08-02,before,new,Android,X,1,1,1,1,1,none,5747
100185,2026-08-02,before,heavy,PC,X,1,1,1,0,0,none,0
100186,2026-08-02,before,new,Android,Instagram,1,1,0,0,0,none,0
100187,2026-08-02,before,heavy,iOS,X,1,1,0,0,0,none,0
100188,2026-08-02,before,heavy,Android,X,1,1,1,0,0,none,0
100189,2026-08-02,before,new,Android,Google,1,0,0,0,0,none,0
100190,2026-08-02,before,light,iOS,Google,1,0,0,0,0,none,0
100191,2026-08-02,before,new,Android,Google,1,0,0,0,0,none,0
100192,2026-08-02,before,light,PC,Instagram,1,1,1,1,1,none,9394
100193,2026-08-02,before,light,iOS,X,1,1,1,0,0,none,0
100194,2026-08-02,before,heavy,Android,Direct,1,1,0,0,0,none,0
100195,2026-08-02,before,heavy,PC,Instagram,1,0,0,0,0,none,0
100196,2026-08-02,before,light,Android,Direct,1,1,1,1,1,none,4874
100197,2026-08-02,before,heavy,Android,Direct,1,0,0,0,0,none,0
100198,2026-08-02,before,new,iOS,Google,1,1,1,0,0,none,0
100199,2026-08-02,before,heavy,Android,Direct,1,1,1,1,1,none,8347
100200,2026-08-02,before,new,iOS,Google,1,1,1,1,1,none,4514
100201,2026-08-02,before,light,iOS,Direct,1,1,1,1,1,none,6360
100202,2026-08-02,before,new,iOS,X,1,1,1,1,1,none,3746
100203,2026-08-02,before,light,Android,Direct,1,1,1,1,1,none,6749
100204,2026-08-02,before,new,iOS,Instagram,1,1,0,0,0,none,0
100205,2026-08-02,before,new,Android,X,1,1,1,0,0,none,0
100206,2026-08-02,before,light,PC,X,1,1,1,1,1,none,5407
100207,2026-08-02,before,new,Android,Google,1,1,1,1,1,none,5433
100208,2026-08-02,before,new,iOS,X,1,1,1,0,0,none,0
100209,2026-08-02,before,heavy,Android,Instagram,1,1,0,0,0,payment_api_error,0
100210,2026-08-02,before,new,iOS,Google,1,1,0,0,0,none,0
100211,2026-08-02,before,new,iOS,Google,1,1,0,0,0,none,0
100212,2026-08-02,before,new,Android,Direct,1,1,0,0,0,none,0
100213,2026-08-02,before,light,iOS,Google,1,1,0,0,0,none,0
100214,2026-08-02,before,light,Android,Direct,1,1,1,1,0,none,0
100215,2026-08-02,before,light,Android,Google,1,0,0,0,0,none,0
100216,2026-08-02,before,light,Android,Google,1,1,1,0,0,none,0
100217,2026-08-02,before,new,PC,Direct,1,1,0,0,0,none,0
100218,2026-08-02,before,light,PC,Direct,1,1,1,1,1,none,1854
100219,2026-08-02,before,new,PC,X,1,0,0,0,0,none,0
100220,2026-08-02,before,light,PC,Google,1,1,0,0,0,none,0
100221,2026-08-02,before,new,Android,Instagram,1,1,1,0,0,none,0
100222,2026-08-02,before,light,iOS,Google,1,0,0,0,0,none,0
100223,2026-08-02,before,light,iOS,Google,1,1,0,0,0,none,0
100224,2026-08-02,before,new,iOS,Direct,1,1,0,0,0,none,0
100225,2026-08-02,before,new,iOS,X,1,1,0,0,0,none,0
100226,2026-08-02,before,light,Android,Google,1,1,1,0,0,none,0
100227,2026-08-02,before,light,Android,Instagram,1,0,0,0,0,none,0
100228,2026-08-02,before,new,Android,Direct,1,1,1,0,0,none,0
100229,2026-08-02,before,light,PC,Instagram,1,1,1,1,1,none,3764
100230,2026-08-02,before,light,iOS,Google,1,1,1,0,0,none,0
100231,2026-08-02,before,new,Android,Google,1,1,1,1,1,none,3686
100232,2026-08-02,before,heavy,PC,X,1,1,1,1,1,none,20097
100233,2026-08-02,before,light,Android,X,1,1,1,1,1,none,2297
100234,2026-08-02,before,heavy,Android,X,1,1,1,1,1,none,6816
100235,2026-08-02,before,new,PC,Direct,1,1,1,0,0,none,0
100236,2026-08-02,before,light,Android,Direct,1,1,0,0,0,none,0
100237,2026-08-02,before,new,Android,Instagram,1,1,0,0,0,none,0
100238,2026-08-02,before,new,Android,Google,1,1,1,1,1,none,4899
100239,2026-08-02,before,new,Android,Direct,1,0,0,0,0,none,0
100240,2026-08-02,before,heavy,Android,Google,1,1,0,0,0,none,0
100241,2026-08-03,before,light,Android,Instagram,1,1,1,1,1,none,9424
100242,2026-08-03,before,light,Android,Google,1,0,0,0,0,none,0
100243,2026-08-03,before,light,Android,X,1,1,1,0,0,none,0
100244,2026-08-03,before,light,Android,Instagram,1,1,1,1,1,none,6276
100245,2026-08-03,before,new,Android,X,1,0,0,0,0,none,0
100246,2026-08-03,before,new,iOS,Direct,1,1,1,1,1,none,2242
100247,2026-08-03,before,light,Android,Instagram,1,1,0,0,0,none,0
100248,2026-08-03,before,new,Android,Instagram,1,0,0,0,0,none,0
100249,2026-08-03,before,light,Android,Google,1,1,1,0,0,none,0
100250,2026-08-03,before,new,Android,Google,1,1,1,1,1,none,4415
100251,2026-08-03,before,light,Android,Direct,1,1,1,0,0,none,0
100252,2026-08-03,before,light,Android,Google,1,1,0,0,0,none,0
100253,2026-08-03,before,new,Android,X,1,0,0,0,0,none,0
100254,2026-08-03,before,new,Android,Google,1,1,1,0,0,none,0
100255,2026-08-03,before,light,Android,X,1,1,0,0,0,none,0
100256,2026-08-03,before,new,iOS,X,1,1,1,0,0,none,0
100257,2026-08-03,before,new,PC,Direct,1,1,1,1,1,none,5743
100258,2026-08-03,before,light,iOS,Instagram,1,0,0,0,0,none,0
100259,2026-08-03,before,new,PC,Direct,1,1,1,1,1,none,5798
100260,2026-08-03,before,light,Android,Google,1,0,0,0,0,none,0
100261,2026-08-03,before,light,Android,X,1,0,0,0,0,none,0
100262,2026-08-03,before,light,iOS,Google,1,1,1,1,1,none,5770
100263,2026-08-03,before,heavy,iOS,Google,1,1,0,0,0,none,0
100264,2026-08-03,before,heavy,Android,Instagram,1,1,1,1,1,none,5959
100265,2026-08-03,before,new,Android,Instagram,1,1,0,0,0,none,0
100266,2026-08-03,before,new,Android,Google,1,1,1,1,1,none,4569
100267,2026-08-03,before,light,iOS,X,1,1,1,0,0,none,0
100268,2026-08-03,before,heavy,Android,Google,1,1,1,1,1,none,12139
100269,2026-08-03,before,heavy,Android,Instagram,1,0,0,0,0,none,0
100270,2026-08-03,before,light,PC,Direct,1,0,0,0,0,none,0
100271,2026-08-03,before,heavy,iOS,Direct,1,0,0,0,0,none,0
100272,2026-08-03,before,new,Android,Google,1,0,0,0,0,none,0
100273,2026-08-03,before,light,iOS,Direct,1,1,0,0,0,none,0
100274,2026-08-03,before,light,Android,Google,1,1,0,0,0,none,0
100275,2026-08-03,before,light,iOS,Instagram,1,1,1,0,0,none,0
100276,2026-08-03,before,heavy,iOS,Google,1,1,0,0,0,none,0
100277,2026-08-03,before,new,PC,Google,1,1,1,0,0,none,0
100278,2026-08-03,before,light,Android,Google,1,1,0,0,0,none,0
100279,2026-08-03,before,new,PC,X,1,1,1,0,0,none,0
100280,2026-08-03,before,light,iOS,Google,1,1,1,1,1,none,8036
100281,2026-08-03,before,light,PC,X,1,1,0,0,0,none,0
100282,2026-08-03,before,heavy,iOS,Google,1,0,0,0,0,none,0
100283,2026-08-03,before,light,Android,X,1,0,0,0,0,none,0
100284,2026-08-03,before,light,Android,Instagram,1,1,0,0,0,none,0
100285,2026-08-03,before,light,Android,Instagram,1,1,1,1,1,none,4792
100286,2026-08-03,before,new,Android,Google,1,1,0,0,0,none,0
100287,2026-08-03,before,new,iOS,Direct,1,1,1,1,1,none,4740
100288,2026-08-03,before,new,Android,Google,1,0,0,0,0,none,0
100289,2026-08-03,before,new,iOS,Instagram,1,1,0,0,0,none,0
100290,2026-08-03,before,new,Android,Google,1,1,0,0,0,none,0
100291,2026-08-03,before,light,PC,Instagram,1,0,0,0,0,none,0
100292,2026-08-03,before,new,iOS,X,1,1,1,1,0,none,0
100293,2026-08-03,before,new,iOS,Google,1,0,0,0,0,none,0
100294,2026-08-03,before,light,Android,Google,1,1,0,0,0,none,0
100295,2026-08-03,before,light,Android,Instagram,1,1,1,1,1,none,7494
100296,2026-08-03,before,new,Android,X,1,1,0,0,0,none,0
100297,2026-08-03,before,heavy,PC,Google,1,1,0,0,0,payment_api_error,0
100298,2026-08-03,before,new,PC,Instagram,1,0,0,0,0,none,0
100299,2026-08-03,before,heavy,Android,Instagram,1,1,1,1,1,none,11531
100300,2026-08-03,before,new,PC,X,1,0,0,0,0,none,0
100301,2026-08-03,before,new,iOS,Google,1,1,0,0,0,none,0
100302,2026-08-03,before,light,iOS,Direct,1,1,0,0,0,none,0
100303,2026-08-03,before,light,iOS,Instagram,1,1,1,1,1,none,6230
100304,2026-08-03,before,light,iOS,Direct,1,0,0,0,0,none,0
100305,2026-08-03,before,new,iOS,X,1,1,0,0,0,none,0
100306,2026-08-03,before,new,iOS,Google,1,0,0,0,0,none,0
100307,2026-08-03,before,new,iOS,Google,1,1,0,0,0,none,0
100308,2026-08-03,before,light,Android,Instagram,1,1,1,1,1,none,6999
100309,2026-08-03,before,heavy,Android,Direct,1,1,1,1,0,none,0
100310,2026-08-03,before,light,Android,Instagram,1,1,1,1,1,none,9014
100311,2026-08-03,before,light,iOS,Instagram,1,1,0,0,0,none,0
100312,2026-08-03,before,light,iOS,Google,1,1,0,0,0,none,0
100313,2026-08-03,before,heavy,Android,Direct,1,1,1,0,0,none,0
100314,2026-08-03,before,new,Android,Google,1,1,1,1,1,none,5559
100315,2026-08-03,before,light,iOS,X,1,1,1,0,0,none,0
100316,2026-08-03,before,new,iOS,Instagram,1,0,0,0,0,none,0
100317,2026-08-03,before,new,iOS,X,1,1,1,1,1,none,4028
100318,2026-08-03,before,new,Android,Direct,1,0,0,0,0,none,0
100319,2026-08-03,before,new,Android,X,1,1,0,0,0,none,0
100320,2026-08-03,before,light,iOS,Instagram,1,1,1,1,1,none,7304
100321,2026-08-03,before,heavy,iOS,Google,1,0,0,0,0,none,0
100322,2026-08-03,before,light,PC,Google,1,1,1,0,0,none,0
100323,2026-08-03,before,light,iOS,Direct,1,1,0,0,0,none,0
100324,2026-08-03,before,light,iOS,Google,1,1,0,0,0,none,0
100325,2026-08-03,before,new,PC,Instagram,1,1,0,0,0,none,0
100326,2026-08-03,before,heavy,iOS,Instagram,1,1,1,1,1,none,6400
100327,2026-08-03,before,light,Android,Google,1,1,1,0,0,none,0
100328,2026-08-03,before,light,PC,Instagram,1,0,0,0,0,none,0
100329,2026-08-03,before,heavy,iOS,Direct,1,1,0,0,0,none,0
100330,2026-08-03,before,new,iOS,Google,1,1,1,0,0,none,0
100331,2026-08-03,before,new,PC,Instagram,1,1,1,1,1,none,3669
100332,2026-08-03,before,light,iOS,Instagram,1,1,1,1,1,none,9044
100333,2026-08-03,before,light,Android,Google,1,1,1,1,1,none,5768
100334,2026-08-03,before,new,iOS,Instagram,1,1,0,0,0,none,0
100335,2026-08-03,before,new,PC,Direct,1,1,1,1,1,none,3100
100336,2026-08-03,before,light,iOS,Instagram,1,1,1,0,0,none,0
100337,2026-08-03,before,new,Android,Google,1,0,0,0,0,none,0
100338,2026-08-03,before,new,PC,X,1,1,0,0,0,none,0
100339,2026-08-03,before,new,iOS,Instagram,1,1,0,0,0,none,0
100340,2026-08-03,before,new,PC,Direct,1,1,1,0,0,none,0
100341,2026-08-03,before,new,iOS,X,1,0,0,0,0,none,0
100342,2026-08-03,before,light,Android,Instagram,1,1,0,0,0,none,0
100343,2026-08-03,before,light,Android,Instagram,1,1,1,1,1,none,5936
100344,2026-08-03,before,new,Android,Google,1,1,1,1,1,none,1737
100345,2026-08-03,before,light,Android,Instagram,1,1,0,0,0,none,0
100346,2026-08-03,before,new,PC,X,1,1,0,0,0,none,0
100347,2026-08-03,before,new,iOS,Instagram,1,1,1,0,0,none,0
100348,2026-08-03,before,light,Android,X,1,1,1,1,0,none,0
100349,2026-08-03,before,new,iOS,Google,1,1,1,1,1,none,4493
100350,2026-08-03,before,light,iOS,X,1,1,0,0,0,none,0
100351,2026-08-03,before,new,iOS,Direct,1,1,1,1,1,none,3819
100352,2026-08-03,before,light,iOS,Google,1,0,0,0,0,none,0
100353,2026-08-03,before,light,iOS,Direct,1,0,0,0,0,none,0
100354,2026-08-03,before,new,Android,Google,1,1,1,1,1,none,2997
100355,2026-08-03,before,heavy,iOS,Instagram,1,0,0,0,0,none,0
100356,2026-08-03,before,new,iOS,Direct,1,1,1,1,1,none,3509
100357,2026-08-03,before,light,iOS,Google,1,1,0,0,0,none,0
100358,2026-08-03,before,new,iOS,Instagram,1,1,1,1,1,none,4569
100359,2026-08-03,before,new,PC,Google,1,1,1,0,0,none,0
100360,2026-08-03,before,new,iOS,Direct,1,0,0,0,0,none,0
100361,2026-08-04,before,light,Android,Google,1,1,0,0,0,none,0
100362,2026-08-04,before,new,PC,Direct,1,1,0,0,0,none,0
100363,2026-08-04,before,new,Android,Google,1,1,0,0,0,none,0
100364,2026-08-04,before,new,iOS,Google,1,1,0,0,0,none,0
100365,2026-08-04,before,light,PC,Google,1,1,0,0,0,none,0
100366,2026-08-04,before,light,Android,Instagram,1,1,0,0,0,none,0
100367,2026-08-04,before,light,Android,Direct,1,0,0,0,0,none,0
100368,2026-08-04,before,new,Android,Instagram,1,0,0,0,0,none,0
100369,2026-08-04,before,new,Android,Direct,1,0,0,0,0,none,0
100370,2026-08-04,before,heavy,Android,Instagram,1,0,0,0,0,none,0
100371,2026-08-04,before,new,PC,Google,1,1,1,1,1,none,3775
100372,2026-08-04,before,light,Android,Instagram,1,1,1,0,0,none,0
100373,2026-08-04,before,light,iOS,Direct,1,1,0,0,0,none,0
100374,2026-08-04,before,light,Android,Instagram,1,0,0,0,0,none,0
100375,2026-08-04,before,light,iOS,X,1,0,0,0,0,none,0
100376,2026-08-04,before,light,Android,X,1,0,0,0,0,none,0
100377,2026-08-04,before,light,Android,Instagram,1,1,1,0,0,none,0
100378,2026-08-04,before,new,PC,Direct,1,0,0,0,0,none,0
100379,2026-08-04,before,new,PC,Direct,1,1,0,0,0,none,0
100380,2026-08-04,before,heavy,Android,Direct,1,1,1,1,1,none,7416
100381,2026-08-04,before,heavy,Android,Instagram,1,1,1,1,1,none,9146
100382,2026-08-04,before,new,iOS,Instagram,1,0,0,0,0,none,0
100383,2026-08-04,before,new,iOS,X,1,0,0,0,0,none,0
100384,2026-08-04,before,new,Android,Instagram,1,1,1,1,1,none,3341
100385,2026-08-04,before,light,PC,Google,1,1,1,0,0,none,0
100386,2026-08-04,before,new,iOS,Google,1,1,1,1,0,none,0
100387,2026-08-04,before,light,iOS,Direct,1,1,0,0,0,none,0
100388,2026-08-04,before,light,PC,Instagram,1,1,1,1,1,none,9826
100389,2026-08-04,before,light,Android,Direct,1,1,0,0,0,none,0
100390,2026-08-04,before,heavy,iOS,Google,1,1,0,0,0,none,0
100391,2026-08-04,before,light,iOS,Direct,1,1,1,0,0,none,0
100392,2026-08-04,before,heavy,Android,Direct,1,1,0,0,0,none,0
100393,2026-08-04,before,new,PC,X,1,0,0,0,0,none,0
100394,2026-08-04,before,new,iOS,Google,1,1,1,0,0,none,0
100395,2026-08-04,before,heavy,Android,Google,1,1,1,0,0,none,0
100396,2026-08-04,before,heavy,Android,Google,1,0,0,0,0,none,0
100397,2026-08-04,before,light,Android,Direct,1,1,0,0,0,none,0
100398,2026-08-04,before,light,iOS,Instagram,1,1,0,0,0,none,0
100399,2026-08-04,before,heavy,Android,Direct,1,1,1,1,1,none,11687
100400,2026-08-04,before,new,iOS,Google,1,1,1,0,0,none,0
100401,2026-08-04,before,light,iOS,Google,1,0,0,0,0,none,0
100402,2026-08-04,before,light,Android,Direct,1,1,1,1,1,timeout_error,5131
100403,2026-08-04,before,light,Android,Instagram,1,1,1,1,1,none,9244
100404,2026-08-04,before,light,Android,Google,1,0,0,0,0,none,0
100405,2026-08-04,before,new,Android,Google,1,1,0,0,0,none,0
100406,2026-08-04,before,heavy,PC,Instagram,1,1,1,1,1,none,13149
100407,2026-08-04,before,heavy,iOS,Google,1,1,0,0,0,none,0
100408,2026-08-04,before,light,iOS,Instagram,1,1,0,0,0,none,0
100409,2026-08-04,before,light,iOS,Direct,1,1,0,0,0,none,0
100410,2026-08-04,before,light,Android,Instagram,1,1,0,0,0,payment_api_error,0
100411,2026-08-04,before,light,Android,X,1,0,0,0,0,none,0
100412,2026-08-04,before,new,iOS,Direct,1,1,1,1,1,none,3818
100413,2026-08-04,before,heavy,PC,Google,1,1,0,0,0,none,0
100414,2026-08-04,before,heavy,iOS,Instagram,1,1,1,1,0,none,0
100415,2026-08-04,before,heavy,PC,Instagram,1,1,1,0,0,none,0
100416,2026-08-04,before,new,PC,Google,1,1,1,1,1,none,4896
100417,2026-08-04,before,light,PC,Direct,1,1,1,0,0,none,0
100418,2026-08-04,before,new,Android,Instagram,1,1,0,0,0,none,0
100419,2026-08-04,before,light,Android,X,1,1,0,0,0,none,0
100420,2026-08-04,before,new,iOS,Google,1,1,0,0,0,none,0
100421,2026-08-04,before,light,Android,Direct,1,1,1,0,0,none,0
100422,2026-08-04,before,new,iOS,Google,1,1,0,0,0,none,0
100423,2026-08-04,before,heavy,iOS,Google,1,1,1,1,1,none,16685
100424,2026-08-04,before,light,PC,Direct,1,1,0,0,0,none,0
100425,2026-08-04,before,heavy,iOS,Google,1,1,1,0,0,none,0
100426,2026-08-04,before,light,iOS,Instagram,1,1,0,0,0,none,0
100427,2026-08-04,before,light,PC,Google,1,1,1,0,0,none,0
100428,2026-08-04,before,new,iOS,Direct,1,1,0,0,0,none,0
100429,2026-08-04,before,new,Android,Google,1,1,0,0,0,none,0
100430,2026-08-04,before,new,iOS,Google,1,1,1,1,1,none,3492
100431,2026-08-04,before,heavy,Android,Google,1,1,0,0,0,none,0
100432,2026-08-04,before,light,Android,Google,1,1,0,0,0,none,0
100433,2026-08-04,before,new,iOS,Instagram,1,1,1,1,1,none,3050
100434,2026-08-04,before,new,Android,X,1,1,1,1,0,none,0
100435,2026-08-04,before,heavy,iOS,Direct,1,1,1,1,1,none,9509
100436,2026-08-04,before,light,iOS,Instagram,1,1,0,0,0,none,0
100437,2026-08-04,before,light,Android,Instagram,1,1,1,0,0,none,0
100438,2026-08-04,before,heavy,Android,Direct,1,1,1,0,0,none,0
100439,2026-08-04,before,heavy,iOS,Google,1,1,1,1,1,none,8957
100440,2026-08-04,before,new,iOS,Google,1,1,0,0,0,timeout_error,0
100441,2026-08-04,before,light,Android,X,1,1,0,0,0,none,0
100442,2026-08-04,before,light,PC,Google,1,1,1,1,1,none,6604
100443,2026-08-04,before,new,Android,X,1,0,0,0,0,none,0
100444,2026-08-04,before,light,Android,Instagram,1,0,0,0,0,none,0
100445,2026-08-04,before,light,Android,Direct,1,1,1,0,0,none,0
100446,2026-08-04,before,heavy,iOS,Google,1,1,0,0,0,none,0
100447,2026-08-04,before,new,Android,Google,1,0,0,0,0,none,0
100448,2026-08-04,before,light,iOS,Google,1,0,0,0,0,none,0
100449,2026-08-04,before,light,Android,Google,1,1,1,0,0,none,0
100450,2026-08-04,before,new,Android,Google,1,1,0,0,0,none,0
100451,2026-08-04,before,light,Android,Google,1,1,0,0,0,none,0
100452,2026-08-04,before,light,iOS,Instagram,1,1,1,1,1,none,2776
100453,2026-08-04,before,new,iOS,X,1,0,0,0,0,none,0
100454,2026-08-04,before,light,Android,X,1,1,0,0,0,none,0
100455,2026-08-04,before,light,Android,Direct,1,0,0,0,0,none,0
100456,2026-08-04,before,heavy,iOS,Google,1,1,1,1,1,none,9865
100457,2026-08-04,before,new,iOS,Instagram,1,1,1,0,0,none,0
100458,2026-08-04,before,new,iOS,Instagram,1,0,0,0,0,none,0
100459,2026-08-04,before,new,Android,Instagram,1,1,0,0,0,none,0
100460,2026-08-04,before,light,iOS,Instagram,1,1,0,0,0,none,0
100461,2026-08-04,before,light,Android,Google,1,1,1,1,1,none,6108
100462,2026-08-04,before,new,PC,Instagram,1,1,0,0,0,none,0
100463,2026-08-04,before,light,PC,X,1,0,0,0,0,none,0
100464,2026-08-04,before,light,PC,X,1,1,1,1,1,none,4244
100465,2026-08-04,before,heavy,Android,Direct,1,0,0,0,0,none,0
100466,2026-08-04,before,light,Android,Instagram,1,0,0,0,0,none,0
100467,2026-08-04,before,heavy,Android,Instagram,1,0,0,0,0,none,0
100468,2026-08-04,before,new,Android,Instagram,1,1,1,1,1,none,6528
100469,2026-08-04,before,light,iOS,X,1,1,0,0,0,none,0
100470,2026-08-04,before,heavy,Android,Direct,1,1,0,0,0,none,0
100471,2026-08-04,before,heavy,iOS,Direct,1,1,0,0,0,none,0
100472,2026-08-04,before,new,iOS,Direct,1,1,0,0,0,none,0
100473,2026-08-04,before,light,Android,Google,1,1,1,1,1,none,6145
100474,2026-08-04,before,new,Android,Google,1,1,1,1,0,none,0
100475,2026-08-04,before,heavy,PC,Instagram,1,1,1,1,1,none,7039
100476,2026-08-04,before,light,Android,Google,1,1,0,0,0,none,0
100477,2026-08-04,before,heavy,iOS,Direct,1,1,1,0,0,none,0
100478,2026-08-04,before,new,iOS,X,1,1,0,0,0,none,0
100479,2026-08-04,before,heavy,Android,Direct,1,1,1,1,1,none,12142
100480,2026-08-04,before,new,iOS,Direct,1,1,1,1,0,none,0
100481,2026-08-05,before,new,iOS,Instagram,1,1,0,0,0,none,0
100482,2026-08-05,before,light,Android,Instagram,1,1,0,0,0,none,0
100483,2026-08-05,before,light,Android,Instagram,1,1,0,0,0,none,0
100484,2026-08-05,before,heavy,Android,Direct,1,1,1,1,1,none,11035
100485,2026-08-05,before,light,Android,Direct,1,1,0,0,0,none,0
100486,2026-08-05,before,light,Android,Direct,1,0,0,0,0,none,0
100487,2026-08-05,before,new,iOS,X,1,1,1,1,1,none,3440
100488,2026-08-05,before,new,Android,Google,1,1,1,1,1,none,4709
100489,2026-08-05,before,light,iOS,Instagram,1,1,1,0,0,none,0
100490,2026-08-05,before,light,PC,Google,1,1,1,1,1,none,7037
100491,2026-08-05,before,light,Android,Direct,1,0,0,0,0,none,0
100492,2026-08-05,before,new,Android,Direct,1,1,0,0,0,none,0
100493,2026-08-05,before,light,iOS,Direct,1,1,0,0,0,none,0
100494,2026-08-05,before,new,iOS,Direct,1,1,0,0,0,none,0
100495,2026-08-05,before,light,iOS,Direct,1,0,0,0,0,none,0
100496,2026-08-05,before,heavy,iOS,X,1,1,0,0,0,none,0
100497,2026-08-05,before,light,Android,Direct,1,1,1,0,0,none,0
100498,2026-08-05,before,light,PC,Direct,1,1,0,0,0,none,0
100499,2026-08-05,before,light,Android,Instagram,1,1,1,0,0,none,0
100500,2026-08-05,before,new,iOS,Direct,1,0,0,0,0,none,0
100501,2026-08-05,before,light,PC,Instagram,1,1,0,0,0,none,0
100502,2026-08-05,before,new,Android,X,1,1,1,1,1,none,2156
100503,2026-08-05,before,light,iOS,Google,1,0,0,0,0,none,0
100504,2026-08-05,before,light,PC,X,1,1,0,0,0,none,0
100505,2026-08-05,before,light,PC,Instagram,1,1,1,1,1,none,3395
100506,2026-08-05,before,heavy,PC,Direct,1,1,1,1,1,none,11230
100507,2026-08-05,before,light,Android,Direct,1,1,0,0,0,none,0
100508,2026-08-05,before,light,Android,Google,1,0,0,0,0,none,0
100509,2026-08-05,before,heavy,PC,Google,1,1,0,0,0,none,0
100510,2026-08-05,before,light,Android,Instagram,1,1,1,1,1,none,6647
100511,2026-08-05,before,light,Android,Instagram,1,1,1,0,0,none,0
100512,2026-08-05,before,new,iOS,Instagram,1,1,0,0,0,none,0
100513,2026-08-05,before,heavy,Android,Direct,1,1,1,0,0,none,0
100514,2026-08-05,before,heavy,PC,Instagram,1,1,0,0,0,none,0
100515,2026-08-05,before,heavy,PC,Direct,1,1,0,0,0,none,0
100516,2026-08-05,before,light,iOS,Instagram,1,1,1,1,1,none,4056
100517,2026-08-05,before,new,iOS,Google,1,1,1,1,1,none,1933
100518,2026-08-05,before,new,iOS,Google,1,0,0,0,0,none,0
100519,2026-08-05,before,light,Android,Instagram,1,1,1,0,0,none,0
100520,2026-08-05,before,light,iOS,Instagram,1,0,0,0,0,none,0
100521,2026-08-05,before,light,Android,Direct,1,1,1,1,0,none,0
100522,2026-08-05,before,new,PC,Direct,1,0,0,0,0,none,0
100523,2026-08-05,before,new,PC,Google,1,1,1,1,1,none,5987
100524,2026-08-05,before,light,Android,Google,1,1,0,0,0,none,0
100525,2026-08-05,before,light,Android,X,1,1,0,0,0,none,0
100526,2026-08-05,before,new,iOS,Google,1,1,1,0,0,none,0
100527,2026-08-05,before,new,Android,Google,1,1,0,0,0,none,0
100528,2026-08-05,before,new,PC,X,1,1,1,0,0,none,0
100529,2026-08-05,before,heavy,PC,Instagram,1,0,0,0,0,none,0
100530,2026-08-05,before,new,Android,Direct,1,0,0,0,0,none,0
100531,2026-08-05,before,new,PC,Instagram,1,1,1,1,1,none,3881
100532,2026-08-05,before,heavy,iOS,Direct,1,1,1,1,1,none,7159
100533,2026-08-05,before,light,iOS,Instagram,1,0,0,0,0,none,0
100534,2026-08-05,before,heavy,Android,Instagram,1,0,0,0,0,none,0
100535,2026-08-05,before,heavy,iOS,X,1,1,0,0,0,none,0
100536,2026-08-05,before,new,iOS,Google,1,0,0,0,0,none,0
100537,2026-08-05,before,light,iOS,Instagram,1,1,0,0,0,none,0
100538,2026-08-05,before,light,iOS,Direct,1,0,0,0,0,timeout_error,0
100539,2026-08-05,before,light,iOS,Instagram,1,1,0,0,0,none,0
100540,2026-08-05,before,light,PC,Google,1,0,0,0,0,none,0
100541,2026-08-05,before,heavy,Android,Google,1,1,1,0,0,none,0
100542,2026-08-05,before,light,iOS,Direct,1,0,0,0,0,timeout_error,0
100543,2026-08-05,before,heavy,iOS,X,1,0,0,0,0,payment_api_error,0
100544,2026-08-05,before,new,PC,X,1,0,0,0,0,none,0
100545,2026-08-05,before,light,PC,Google,1,1,1,1,1,none,5533
100546,2026-08-05,before,light,Android,Google,1,1,1,0,0,none,0
100547,2026-08-05,before,light,PC,Direct,1,1,0,0,0,none,0
100548,2026-08-05,before,heavy,iOS,Instagram,1,1,1,1,1,none,15705
100549,2026-08-05,before,light,Android,Google,1,1,0,0,0,none,0
100550,2026-08-05,before,new,iOS,Google,1,1,0,0,0,none,0
100551,2026-08-05,before,light,Android,Google,1,1,0,0,0,none,0
100552,2026-08-05,before,light,PC,Google,1,1,1,0,0,none,0
100553,2026-08-05,before,light,Android,X,1,1,1,1,1,none,6936
100554,2026-08-05,before,new,Android,Google,1,1,1,1,1,none,4264
100555,2026-08-05,before,light,PC,Google,1,1,0,0,0,none,0
100556,2026-08-05,before,new,PC,X,1,1,0,0,0,none,0
100557,2026-08-05,before,heavy,Android,Instagram,1,1,0,0,0,none,0
100558,2026-08-05,before,new,PC,Google,1,0,0,0,0,payment_api_error,0
100559,2026-08-05,before,new,PC,Direct,1,0,0,0,0,none,0
100560,2026-08-05,before,new,Android,Direct,1,1,0,0,0,none,0
100561,2026-08-05,before,light,Android,Google,1,1,1,0,0,none,0
100562,2026-08-05,before,new,iOS,Direct,1,1,1,1,1,none,3577
100563,2026-08-05,before,heavy,iOS,Google,1,1,1,0,0,none,0
100564,2026-08-05,before,light,iOS,Google,1,1,0,0,0,none,0
100565,2026-08-05,before,new,Android,Google,1,0,0,0,0,none,0
100566,2026-08-05,before,new,iOS,Instagram,1,0,0,0,0,none,0
100567,2026-08-05,before,new,Android,X,1,1,1,1,1,none,5286
100568,2026-08-05,before,light,Android,Direct,1,1,1,1,1,none,8361
100569,2026-08-05,before,light,Android,Instagram,1,1,1,1,1,none,3490
100570,2026-08-05,before,new,Android,Direct,1,0,0,0,0,payment_api_error,0
100571,2026-08-05,before,heavy,iOS,Direct,1,1,1,1,1,none,9109
100572,2026-08-05,before,light,iOS,Instagram,1,1,1,1,1,payment_api_error,8279
100573,2026-08-05,before,heavy,iOS,Google,1,0,0,0,0,none,0
100574,2026-08-05,before,light,PC,Direct,1,0,0,0,0,none,0
100575,2026-08-05,before,light,iOS,Instagram,1,1,0,0,0,none,0
100576,2026-08-05,before,light,Android,X,1,1,0,0,0,none,0
100577,2026-08-05,before,heavy,iOS,Google,1,1,0,0,0,none,0
100578,2026-08-05,before,new,iOS,Instagram,1,1,1,0,0,none,0
100579,2026-08-05,before,new,Android,Instagram,1,1,1,1,1,none,2525
100580,2026-08-05,before,heavy,Android,Direct,1,1,0,0,0,none,0
100581,2026-08-05,before,new,iOS,Direct,1,1,0,0,0,none,0
100582,2026-08-05,before,light,PC,X,1,1,0,0,0,none,0
100583,2026-08-05,before,light,Android,Google,1,1,1,1,1,none,7109
100584,2026-08-05,before,light,iOS,Instagram,1,0,0,0,0,none,0
100585,2026-08-05,before,heavy,iOS,Instagram,1,1,0,0,0,none,0
100586,2026-08-05,before,new,Android,Direct,1,1,1,1,1,none,800
100587,2026-08-05,before,heavy,Android,Google,1,1,0,0,0,none,0
100588,2026-08-05,before,new,iOS,Direct,1,1,0,0,0,none,0
100589,2026-08-05,before,light,iOS,Direct,1,0,0,0,0,none,0
100590,2026-08-05,before,light,iOS,Direct,1,1,1,0,0,none,0
100591,2026-08-05,before,heavy,iOS,X,1,1,0,0,0,none,0
100592,2026-08-05,before,new,Android,X,1,0,0,0,0,none,0
100593,2026-08-05,before,light,Android,Google,1,0,0,0,0,none,0
100594,2026-08-05,before,heavy,iOS,Google,1,1,1,1,1,none,12594
100595,2026-08-05,before,light,iOS,X,1,1,1,0,0,none,0
100596,2026-08-05,before,light,iOS,Direct,1,0,0,0,0,none,0
100597,2026-08-05,before,new,iOS,X,1,1,0,0,0,none,0
100598,2026-08-05,before,heavy,iOS,Google,1,1,1,1,1,none,7762
100599,2026-08-05,before,light,iOS,Direct,1,0,0,0,0,none,0
100600,2026-08-05,before,light,iOS,Google,1,1,1,1,1,none,3255
100601,2026-08-06,before,new,Android,Direct,1,1,1,1,1,none,3252
100602,2026-08-06,before,new,PC,Google,1,1,1,0,0,none,0
100603,2026-08-06,before,new,Android,Instagram,1,1,1,0,0,none,0
100604,2026-08-06,before,light,PC,Google,1,1,0,0,0,none,0
100605,2026-08-06,before,new,iOS,Instagram,1,1,1,1,1,none,3656
100606,2026-08-06,before,new,iOS,X,1,1,0,0,0,none,0
100607,2026-08-06,before,light,iOS,Instagram,1,1,0,0,0,none,0
100608,2026-08-06,before,heavy,Android,Direct,1,1,0,0,0,none,0
100609,2026-08-06,before,light,Android,Direct,1,0,0,0,0,none,0
100610,2026-08-06,before,heavy,PC,Direct,1,1,1,1,0,none,0
100611,2026-08-06,before,light,Android,X,1,0,0,0,0,none,0
100612,2026-08-06,before,heavy,PC,Google,1,1,1,1,0,none,0
100613,2026-08-06,before,new,Android,Instagram,1,1,0,0,0,none,0
100614,2026-08-06,before,new,Android,Direct,1,1,1,1,0,none,0
100615,2026-08-06,before,heavy,Android,Google,1,1,1,1,1,none,13588
100616,2026-08-06,before,light,iOS,Google,1,1,0,0,0,none,0
100617,2026-08-06,before,heavy,PC,X,1,1,1,1,1,none,13341
100618,2026-08-06,before,new,Android,Direct,1,1,1,1,1,none,2928
100619,2026-08-06,before,heavy,iOS,X,1,1,0,0,0,none,0
100620,2026-08-06,before,light,Android,Google,1,1,1,1,1,none,4748
100621,2026-08-06,before,new,PC,Direct,1,0,0,0,0,none,0
100622,2026-08-06,before,light,Android,Google,1,1,1,0,0,none,0
100623,2026-08-06,before,new,iOS,Direct,1,0,0,0,0,none,0
100624,2026-08-06,before,new,iOS,X,1,1,1,0,0,none,0
100625,2026-08-06,before,new,iOS,Google,1,0,0,0,0,none,0
100626,2026-08-06,before,light,Android,Google,1,1,1,0,0,none,0
100627,2026-08-06,before,new,iOS,Instagram,1,1,0,0,0,timeout_error,0
100628,2026-08-06,before,new,Android,Google,1,1,0,0,0,none,0
100629,2026-08-06,before,new,Android,Instagram,1,1,1,0,0,none,0
100630,2026-08-06,before,new,Android,Direct,1,1,0,0,0,none,0
100631,2026-08-06,before,heavy,Android,X,1,1,1,0,0,none,0
100632,2026-08-06,before,new,Android,Instagram,1,1,1,1,0,none,0
100633,2026-08-06,before,new,iOS,Instagram,1,1,0,0,0,none,0
100634,2026-08-06,before,heavy,PC,Instagram,1,1,0,0,0,none,0
100635,2026-08-06,before,heavy,iOS,Direct,1,1,1,0,0,none,0
100636,2026-08-06,before,new,PC,Direct,1,0,0,0,0,none,0
100637,2026-08-06,before,new,Android,Google,1,1,1,1,1,none,2214
100638,2026-08-06,before,new,Android,Instagram,1,0,0,0,0,none,0
100639,2026-08-06,before,light,PC,Google,1,1,1,1,1,none,6480
100640,2026-08-06,before,new,PC,Direct,1,0,0,0,0,none,0
100641,2026-08-06,before,new,Android,Google,1,1,1,1,1,none,1700
100642,2026-08-06,before,new,iOS,X,1,1,0,0,0,none,0
100643,2026-08-06,before,new,iOS,Google,1,1,0,0,0,none,0
100644,2026-08-06,before,light,PC,Google,1,0,0,0,0,none,0
100645,2026-08-06,before,light,Android,Google,1,1,1,0,0,none,0
100646,2026-08-06,before,light,Android,Google,1,0,0,0,0,none,0
100647,2026-08-06,before,light,Android,Instagram,1,1,1,1,1,none,6826
100648,2026-08-06,before,light,iOS,X,1,1,1,1,1,none,6912
100649,2026-08-06,before,new,iOS,X,1,1,1,1,1,none,5014
100650,2026-08-06,before,light,iOS,Direct,1,1,1,1,1,none,5294
100651,2026-08-06,before,new,Android,Google,1,0,0,0,0,none,0
100652,2026-08-06,before,heavy,iOS,Direct,1,0,0,0,0,none,0
100653,2026-08-06,before,light,iOS,Instagram,1,1,0,0,0,none,0
100654,2026-08-06,before,new,Android,Instagram,1,1,0,0,0,none,0
100655,2026-08-06,before,light,Android,Google,1,1,1,0,0,none,0
100656,2026-08-06,before,new,Android,Google,1,1,1,1,1,none,3315
100657,2026-08-06,before,light,Android,Direct,1,0,0,0,0,none,0
100658,2026-08-06,before,light,iOS,Direct,1,0,0,0,0,none,0
100659,2026-08-06,before,light,iOS,Google,1,1,1,0,0,none,0
100660,2026-08-06,before,new,iOS,Google,1,0,0,0,0,none,0
100661,2026-08-06,before,light,iOS,Instagram,1,1,0,0,0,none,0
100662,2026-08-06,before,light,PC,Instagram,1,1,1,1,1,none,5645
100663,2026-08-06,before,light,Android,X,1,0,0,0,0,none,0
100664,2026-08-06,before,heavy,iOS,X,1,1,1,1,1,none,15537
100665,2026-08-06,before,heavy,iOS,Direct,1,1,1,1,0,none,0
100666,2026-08-06,before,new,iOS,Instagram,1,1,1,1,1,none,3663
100667,2026-08-06,before,heavy,iOS,Direct,1,1,0,0,0,none,0
100668,2026-08-06,before,light,Android,Google,1,1,0,0,0,none,0
100669,2026-08-06,before,light,iOS,Google,1,1,1,0,0,none,0
100670,2026-08-06,before,light,iOS,Google,1,1,1,1,1,none,4629
100671,2026-08-06,before,light,iOS,X,1,1,1,1,0,none,0
100672,2026-08-06,before,light,Android,Instagram,1,1,0,0,0,none,0
100673,2026-08-06,before,light,Android,Google,1,1,1,1,1,none,5596
100674,2026-08-06,before,heavy,Android,Google,1,1,1,1,1,none,8967
100675,2026-08-06,before,light,PC,Direct,1,1,1,1,0,none,0
100676,2026-08-06,before,new,Android,Google,1,1,1,1,1,none,5763
100677,2026-08-06,before,light,Android,Google,1,0,0,0,0,none,0
100678,2026-08-06,before,heavy,Android,Google,1,0,0,0,0,none,0
100679,2026-08-06,before,heavy,PC,Instagram,1,1,0,0,0,none,0
100680,2026-08-06,before,light,Android,Direct,1,1,0,0,0,none,0
100681,2026-08-06,before,light,Android,Google,1,1,0,0,0,none,0
100682,2026-08-06,before,heavy,iOS,Direct,1,0,0,0,0,none,0
100683,2026-08-06,before,light,Android,X,1,1,0,0,0,none,0
100684,2026-08-06,before,light,Android,Instagram,1,1,0,0,0,none,0
100685,2026-08-06,before,light,Android,Google,1,0,0,0,0,none,0
100686,2026-08-06,before,new,iOS,Instagram,1,1,0,0,0,none,0
100687,2026-08-06,before,new,iOS,Instagram,1,1,0,0,0,none,0
100688,2026-08-06,before,heavy,iOS,X,1,1,0,0,0,none,0
100689,2026-08-06,before,light,Android,Instagram,1,1,1,1,1,none,5699
100690,2026-08-06,before,heavy,Android,Google,1,1,1,1,1,none,10137
100691,2026-08-06,before,new,iOS,Instagram,1,1,1,1,1,none,3143
100692,2026-08-06,before,light,Android,Google,1,1,0,0,0,none,0
100693,2026-08-06,before,new,iOS,Google,1,1,1,1,0,none,0
100694,2026-08-06,before,light,PC,Instagram,1,1,0,0,0,none,0
100695,2026-08-06,before,heavy,iOS,Direct,1,1,1,0,0,none,0
100696,2026-08-06,before,heavy,iOS,Instagram,1,1,0,0,0,none,0
100697,2026-08-06,before,heavy,PC,Instagram,1,0,0,0,0,none,0
100698,2026-08-06,before,light,PC,X,1,1,1,1,1,none,6696
100699,2026-08-06,before,new,PC,Direct,1,1,1,0,0,none,0
100700,2026-08-06,before,light,Android,Instagram,1,0,0,0,0,none,0
100701,2026-08-06,before,light,iOS,X,1,0,0,0,0,none,0
100702,2026-08-06,before,new,iOS,Direct,1,1,1,1,1,none,3746
100703,2026-08-06,before,new,iOS,Direct,1,1,0,0,0,none,0
100704,2026-08-06,before,light,iOS,Direct,1,1,0,0,0,none,0
100705,2026-08-06,before,new,PC,Direct,1,1,1,1,1,none,3597
100706,2026-08-06,before,new,Android,Direct,1,1,0,0,0,none,0
100707,2026-08-06,before,light,Android,Direct,1,1,1,1,1,none,7767
100708,2026-08-06,before,new,Android,X,1,1,0,0,0,none,0
100709,2026-08-06,before,light,iOS,Google,1,1,0,0,0,none,0
100710,2026-08-06,before,heavy,Android,Instagram,1,1,0,0,0,none,0
100711,2026-08-06,before,new,iOS,Direct,1,1,0,0,0,none,0
100712,2026-08-06,before,new,Android,Google,1,0,0,0,0,none,0
100713,2026-08-06,before,heavy,iOS,X,1,1,1,1,1,none,5393
100714,2026-08-06,before,new,iOS,Direct,1,1,1,1,1,none,4791
100715,2026-08-06,before,light,iOS,Google,1,1,0,0,0,none,0
100716,2026-08-06,before,light,PC,X,1,1,1,0,0,none,0
100717,2026-08-06,before,light,iOS,Google,1,1,0,0,0,none,0
100718,2026-08-06,before,new,iOS,Google,1,0,0,0,0,none,0
100719,2026-08-06,before,new,PC,X,1,1,1,1,1,none,3478
100720,2026-08-06,before,new,PC,Direct,1,1,1,1,1,none,6502
100721,2026-08-07,before,new,PC,Google,1,1,0,0,0,none,0
100722,2026-08-07,before,light,iOS,X,1,1,1,1,1,none,6146
100723,2026-08-07,before,new,PC,Instagram,1,1,0,0,0,none,0
100724,2026-08-07,before,new,Android,Google,1,0,0,0,0,none,0
100725,2026-08-07,before,new,iOS,Instagram,1,1,1,1,1,none,5080
100726,2026-08-07,before,heavy,PC,Instagram,1,0,0,0,0,none,0
100727,2026-08-07,before,heavy,Android,Google,1,1,1,0,0,none,0
100728,2026-08-07,before,light,iOS,Google,1,0,0,0,0,none,0
100729,2026-08-07,before,new,Android,Google,1,1,1,1,1,none,4990
100730,2026-08-07,before,light,iOS,Direct,1,1,0,0,0,none,0
100731,2026-08-07,before,new,iOS,X,1,1,1,1,1,none,5009
100732,2026-08-07,before,new,Android,Direct,1,1,1,0,0,none,0
100733,2026-08-07,before,new,Android,Instagram,1,0,0,0,0,none,0
100734,2026-08-07,before,new,iOS,Direct,1,1,0,0,0,none,0
100735,2026-08-07,before,new,iOS,Instagram,1,0,0,0,0,none,0
100736,2026-08-07,before,light,Android,Google,1,0,0,0,0,none,0
100737,2026-08-07,before,new,Android,Direct,1,1,0,0,0,none,0
100738,2026-08-07,before,light,Android,X,1,1,1,0,0,none,0
100739,2026-08-07,before,light,Android,Instagram,1,1,1,0,0,none,0
100740,2026-08-07,before,heavy,Android,Instagram,1,1,0,0,0,none,0
100741,2026-08-07,before,light,iOS,Google,1,1,1,0,0,none,0
100742,2026-08-07,before,light,Android,Direct,1,1,1,1,1,none,7114
100743,2026-08-07,before,light,Android,Google,1,1,1,1,1,none,6006
100744,2026-08-07,before,new,PC,Direct,1,1,1,1,1,none,4408
100745,2026-08-07,before,new,Android,Instagram,1,1,0,0,0,none,0
100746,2026-08-07,before,light,PC,X,1,1,0,0,0,none,0
100747,2026-08-07,before,light,Android,Direct,1,1,1,1,1,none,4634
100748,2026-08-07,before,light,iOS,Instagram,1,1,0,0,0,none,0
100749,2026-08-07,before,light,Android,X,1,1,1,1,0,none,0
100750,2026-08-07,before,new,Android,Google,1,1,1,1,1,none,4662
100751,2026-08-07,before,new,iOS,Google,1,1,1,0,0,none,0
100752,2026-08-07,before,light,iOS,Google,1,1,1,1,1,none,4598
100753,2026-08-07,before,heavy,PC,Google,1,1,0,0,0,none,0
100754,2026-08-07,before,new,iOS,X,1,1,0,0,0,none,0
100755,2026-08-07,before,new,Android,Google,1,1,0,0,0,none,0
100756,2026-08-07,before,light,Android,Google,1,1,1,1,1,none,8972
100757,2026-08-07,before,light,iOS,Google,1,1,0,0,0,none,0
100758,2026-08-07,before,heavy,Android,Instagram,1,1,0,0,0,none,0
100759,2026-08-07,before,light,iOS,Google,1,1,1,1,1,none,6633
100760,2026-08-07,before,heavy,iOS,Instagram,1,1,1,0,0,none,0
100761,2026-08-07,before,heavy,iOS,Google,1,1,1,0,0,none,0
100762,2026-08-07,before,light,Android,Google,1,1,0,0,0,none,0
100763,2026-08-07,before,light,PC,Direct,1,1,0,0,0,none,0
100764,2026-08-07,before,new,iOS,X,1,1,1,1,1,none,1702
100765,2026-08-07,before,light,Android,Google,1,1,1,1,1,none,5567
100766,2026-08-07,before,heavy,Android,Direct,1,1,1,0,0,none,0
100767,2026-08-07,before,new,Android,Direct,1,1,1,0,0,none,0
100768,2026-08-07,before,light,Android,Google,1,1,0,0,0,none,0
100769,2026-08-07,before,light,iOS,Direct,1,1,1,1,1,none,8360
100770,2026-08-07,before,heavy,iOS,Google,1,0,0,0,0,none,0
100771,2026-08-07,before,heavy,iOS,Instagram,1,0,0,0,0,none,0
100772,2026-08-07,before,light,Android,X,1,1,0,0,0,none,0
100773,2026-08-07,before,heavy,Android,Instagram,1,0,0,0,0,none,0
100774,2026-08-07,before,new,PC,Instagram,1,1,0,0,0,none,0
100775,2026-08-07,before,new,Android,Google,1,0,0,0,0,none,0
100776,2026-08-07,before,heavy,PC,Instagram,1,1,1,1,0,none,0
100777,2026-08-07,before,light,PC,Direct,1,1,0,0,0,none,0
100778,2026-08-07,before,heavy,PC,Google,1,0,0,0,0,none,0
100779,2026-08-07,before,light,Android,Instagram,1,1,0,0,0,none,0
100780,2026-08-07,before,heavy,PC,Direct,1,1,0,0,0,none,0
100781,2026-08-07,before,new,PC,Instagram,1,1,1,1,1,none,4881
100782,2026-08-07,before,new,iOS,Instagram,1,1,0,0,0,none,0
100783,2026-08-07,before,light,Android,X,1,1,0,0,0,none,0
100784,2026-08-07,before,new,iOS,Instagram,1,1,1,1,1,none,5093
100785,2026-08-07,before,light,iOS,Google,1,1,1,0,0,none,0
100786,2026-08-07,before,light,iOS,Google,1,1,0,0,0,none,0
100787,2026-08-07,before,light,iOS,Instagram,1,1,0,0,0,none,0
100788,2026-08-07,before,light,Android,X,1,0,0,0,0,none,0
100789,2026-08-07,before,light,Android,Google,1,1,1,1,0,none,0
100790,2026-08-07,before,heavy,Android,Google,1,1,0,0,0,none,0
100791,2026-08-07,before,light,PC,Google,1,1,0,0,0,none,0
100792,2026-08-07,before,new,Android,Google,1,0,0,0,0,none,0
100793,2026-08-07,before,new,iOS,Instagram,1,0,0,0,0,none,0
100794,2026-08-07,before,heavy,Android,Instagram,1,1,1,0,0,none,0
100795,2026-08-07,before,new,PC,Instagram,1,1,0,0,0,none,0
100796,2026-08-07,before,light,PC,Instagram,1,0,0,0,0,none,0
100797,2026-08-07,before,heavy,iOS,Direct,1,1,1,0,0,none,0
100798,2026-08-07,before,light,Android,Direct,1,1,0,0,0,none,0
100799,2026-08-07,before,new,iOS,Direct,1,1,1,0,0,none,0
100800,2026-08-07,before,new,iOS,Google,1,1,1,1,1,none,2834
100801,2026-08-07,before,light,Android,Instagram,1,0,0,0,0,none,0
100802,2026-08-07,before,new,iOS,Google,1,1,1,0,0,none,0
100803,2026-08-07,before,light,iOS,Instagram,1,0,0,0,0,none,0
100804,2026-08-07,before,new,Android,Instagram,1,1,1,1,1,none,2942
100805,2026-08-07,before,new,iOS,Google,1,1,1,0,0,none,0
100806,2026-08-07,before,new,iOS,Direct,1,1,1,1,1,none,3627
100807,2026-08-07,before,new,PC,Google,1,1,0,0,0,none,0
100808,2026-08-07,before,light,iOS,Direct,1,1,1,0,0,none,0
100809,2026-08-07,before,new,iOS,Direct,1,1,0,0,0,none,0
100810,2026-08-07,before,light,iOS,Direct,1,1,1,1,1,none,8904
100811,2026-08-07,before,heavy,Android,Google,1,0,0,0,0,none,0
100812,2026-08-07,before,light,Android,Direct,1,1,0,0,0,none,0
100813,2026-08-07,before,light,iOS,Google,1,1,0,0,0,none,0
100814,2026-08-07,before,new,iOS,Direct,1,0,0,0,0,none,0
100815,2026-08-07,before,heavy,Android,Instagram,1,1,1,1,1,none,11967
100816,2026-08-07,before,light,Android,Google,1,1,0,0,0,none,0
100817,2026-08-07,before,light,Android,X,1,1,1,1,1,none,7446
100818,2026-08-07,before,heavy,iOS,Instagram,1,1,0,0,0,none,0
100819,2026-08-07,before,new,iOS,X,1,1,0,0,0,none,0
100820,2026-08-07,before,new,iOS,Google,1,1,0,0,0,none,0
100821,2026-08-07,before,light,Android,Direct,1,1,1,1,1,none,5336
100822,2026-08-07,before,light,PC,Direct,1,1,1,1,1,none,6807
100823,2026-08-07,before,heavy,iOS,Google,1,1,1,1,1,none,10253
100824,2026-08-07,before,new,PC,Instagram,1,1,0,0,0,none,0
100825,2026-08-07,before,light,iOS,X,1,1,0,0,0,none,0
100826,2026-08-07,before,heavy,iOS,Direct,1,1,0,0,0,none,0
100827,2026-08-07,before,light,Android,Instagram,1,0,0,0,0,none,0
100828,2026-08-07,before,light,PC,Instagram,1,1,0,0,0,none,0
100829,2026-08-07,before,heavy,Android,X,1,1,1,0,0,none,0
100830,2026-08-07,before,new,iOS,Google,1,1,0,0,0,none,0
100831,2026-08-07,before,new,Android,Instagram,1,1,0,0,0,none,0
100832,2026-08-07,before,light,Android,Google,1,1,1,1,1,timeout_error,5780
100833,2026-08-07,before,new,iOS,Instagram,1,1,0,0,0,none,0
100834,2026-08-07,before,new,iOS,Instagram,1,0,0,0,0,none,0
100835,2026-08-07,before,heavy,Android,Direct,1,1,0,0,0,none,0
100836,2026-08-07,before,new,PC,X,1,0,0,0,0,none,0
100837,2026-08-07,before,light,Android,Direct,1,1,1,1,1,none,4355
100838,2026-08-07,before,new,iOS,Instagram,1,1,0,0,0,none,0
100839,2026-08-07,before,heavy,PC,Google,1,1,1,1,1,none,7849
100840,2026-08-07,before,new,iOS,Direct,1,1,0,0,0,none,0
100841,2026-08-08,before,heavy,Android,Instagram,1,0,0,0,0,none,0
100842,2026-08-08,before,light,Android,Instagram,1,0,0,0,0,none,0
100843,2026-08-08,before,new,PC,Google,1,1,0,0,0,none,0
100844,2026-08-08,before,new,iOS,Instagram,1,1,0,0,0,none,0
100845,2026-08-08,before,new,Android,Google,1,0,0,0,0,none,0
100846,2026-08-08,before,new,iOS,Direct,1,1,1,0,0,none,0
100847,2026-08-08,before,heavy,Android,Instagram,1,1,1,1,1,none,7831
100848,2026-08-08,before,heavy,iOS,Instagram,1,1,1,1,1,none,8601
100849,2026-08-08,before,new,iOS,Direct,1,1,1,1,1,none,2732
100850,2026-08-08,before,light,Android,Direct,1,1,1,1,0,none,0
100851,2026-08-08,before,new,Android,X,1,1,1,1,1,none,3999
100852,2026-08-08,before,new,iOS,Instagram,1,1,1,0,0,none,0
100853,2026-08-08,before,light,Android,Instagram,1,0,0,0,0,none,0
100854,2026-08-08,before,new,Android,Google,1,1,1,1,1,none,5125
100855,2026-08-08,before,light,Android,Google,1,1,0,0,0,none,0
100856,2026-08-08,before,new,PC,Google,1,0,0,0,0,none,0
100857,2026-08-08,before,light,PC,Instagram,1,1,1,0,0,none,0
100858,2026-08-08,before,light,Android,Google,1,1,1,1,1,none,4339
100859,2026-08-08,before,new,iOS,Direct,1,1,1,0,0,none,0
100860,2026-08-08,before,new,Android,Google,1,1,1,1,1,none,2128
100861,2026-08-08,before,heavy,iOS,Google,1,1,1,1,1,none,9920
100862,2026-08-08,before,light,iOS,Direct,1,1,1,1,1,none,5627
100863,2026-08-08,before,light,Android,Google,1,1,0,0,0,none,0
100864,2026-08-08,before,heavy,PC,Direct,1,0,0,0,0,none,0
100865,2026-08-08,before,new,PC,Google,1,1,1,1,0,none,0
100866,2026-08-08,before,new,iOS,Direct,1,1,1,1,0,none,0
100867,2026-08-08,before,light,iOS,Google,1,1,0,0,0,none,0
100868,2026-08-08,before,new,iOS,Google,1,1,0,0,0,none,0
100869,2026-08-08,before,light,Android,Instagram,1,1,1,0,0,none,0
100870,2026-08-08,before,heavy,iOS,Direct,1,1,0,0,0,none,0
100871,2026-08-08,before,heavy,iOS,Direct,1,1,0,0,0,none,0
100872,2026-08-08,before,new,Android,Google,1,0,0,0,0,none,0
100873,2026-08-08,before,new,PC,Direct,1,0,0,0,0,none,0
100874,2026-08-08,before,new,iOS,Google,1,0,0,0,0,none,0
100875,2026-08-08,before,light,iOS,X,1,0,0,0,0,none,0
100876,2026-08-08,before,light,PC,Google,1,1,1,1,1,none,4860
100877,2026-08-08,before,new,PC,Instagram,1,1,1,1,1,none,5468
100878,2026-08-08,before,new,Android,Direct,1,1,1,1,0,none,0
100879,2026-08-08,before,new,iOS,Instagram,1,1,1,1,1,none,4002
100880,2026-08-08,before,new,iOS,Direct,1,1,1,1,0,none,0
100881,2026-08-08,before,light,Android,X,1,1,1,1,1,none,7024
100882,2026-08-08,before,new,Android,X,1,1,0,0,0,none,0
100883,2026-08-08,before,new,Android,Instagram,1,1,1,0,0,none,0
100884,2026-08-08,before,heavy,PC,Instagram,1,1,0,0,0,none,0
100885,2026-08-08,before,light,PC,Google,1,1,0,0,0,none,0
100886,2026-08-08,before,new,iOS,Google,1,0,0,0,0,none,0
100887,2026-08-08,before,new,Android,Google,1,0,0,0,0,none,0
100888,2026-08-08,before,new,Android,Direct,1,1,0,0,0,none,0
100889,2026-08-08,before,new,PC,Instagram,1,1,0,0,0,none,0
100890,2026-08-08,before,new,iOS,X,1,1,0,0,0,none,0
100891,2026-08-08,before,new,iOS,Instagram,1,0,0,0,0,none,0
100892,2026-08-08,before,light,Android,Google,1,1,1,1,1,none,4495
100893,2026-08-08,before,light,PC,Google,1,1,1,1,1,none,5094
100894,2026-08-08,before,light,Android,X,1,1,1,1,1,payment_api_error,5034
100895,2026-08-08,before,new,Android,Google,1,1,0,0,0,none,0
100896,2026-08-08,before,light,Android,Instagram,1,1,1,1,1,none,7019
100897,2026-08-08,before,new,iOS,Instagram,1,1,1,1,1,none,2573
100898,2026-08-08,before,light,PC,Google,1,1,0,0,0,none,0
100899,2026-08-08,before,light,iOS,Direct,1,1,1,0,0,none,0
100900,2026-08-08,before,heavy,Android,Instagram,1,1,1,1,1,timeout_error,12457
100901,2026-08-08,before,new,iOS,Google,1,1,1,0,0,none,0
100902,2026-08-08,before,new,Android,Instagram,1,1,0,0,0,none,0
100903,2026-08-08,before,new,iOS,Google,1,1,1,1,1,none,4474
100904,2026-08-08,before,heavy,Android,X,1,1,0,0,0,none,0
100905,2026-08-08,before,new,PC,Google,1,1,0,0,0,none,0
100906,2026-08-08,before,light,iOS,Instagram,1,1,1,1,1,none,4203
100907,2026-08-08,before,new,iOS,Instagram,1,1,1,0,0,none,0
100908,2026-08-08,before,new,Android,Instagram,1,1,0,0,0,none,0
100909,2026-08-08,before,light,iOS,Instagram,1,0,0,0,0,none,0
100910,2026-08-08,before,light,Android,Google,1,0,0,0,0,none,0
100911,2026-08-08,before,new,Android,Google,1,1,0,0,0,none,0
100912,2026-08-08,before,light,Android,X,1,1,0,0,0,none,0
100913,2026-08-08,before,heavy,PC,Google,1,1,1,0,0,none,0
100914,2026-08-08,before,heavy,PC,Google,1,1,0,0,0,none,0
100915,2026-08-08,before,light,Android,Google,1,1,0,0,0,none,0
100916,2026-08-08,before,light,iOS,Google,1,1,0,0,0,none,0
100917,2026-08-08,before,new,iOS,Instagram,1,0,0,0,0,none,0
100918,2026-08-08,before,light,Android,X,1,1,1,1,1,none,4701
100919,2026-08-08,before,light,iOS,Google,1,1,1,0,0,none,0
100920,2026-08-08,before,light,PC,Google,1,1,1,0,0,none,0
100921,2026-08-08,before,light,iOS,X,1,1,0,0,0,none,0
100922,2026-08-08,before,new,iOS,X,1,1,1,1,1,none,4329
100923,2026-08-08,before,new,iOS,Direct,1,1,1,1,1,none,5113
100924,2026-08-08,before,heavy,iOS,X,1,0,0,0,0,none,0
100925,2026-08-08,before,light,iOS,Direct,1,1,0,0,0,none,0
100926,2026-08-08,before,light,iOS,Instagram,1,1,0,0,0,payment_api_error,0
100927,2026-08-08,before,light,Android,Direct,1,1,0,0,0,none,0
100928,2026-08-08,before,new,iOS,Instagram,1,1,0,0,0,none,0
100929,2026-08-08,before,light,iOS,Direct,1,1,0,0,0,none,0
100930,2026-08-08,before,light,Android,Direct,1,1,1,1,1,none,5431
100931,2026-08-08,before,new,iOS,Google,1,1,0,0,0,none,0
100932,2026-08-08,before,heavy,PC,Google,1,1,1,1,0,none,0
100933,2026-08-08,before,light,Android,Direct,1,1,1,1,1,none,5111
100934,2026-08-08,before,new,PC,Google,1,0,0,0,0,none,0
100935,2026-08-08,before,light,Android,X,1,1,1,1,1,none,4080
100936,2026-08-08,before,light,Android,X,1,1,1,1,1,none,7306
100937,2026-08-08,before,light,Android,Instagram,1,1,0,0,0,none,0
100938,2026-08-08,before,new,Android,Direct,1,0,0,0,0,none,0
100939,2026-08-08,before,heavy,PC,X,1,1,0,0,0,none,0
100940,2026-08-08,before,heavy,iOS,Google,1,1,0,0,0,none,0
100941,2026-08-08,before,heavy,Android,Instagram,1,1,0,0,0,none,0
100942,2026-08-08,before,new,Android,X,1,1,1,0,0,none,0
100943,2026-08-08,before,light,Android,Instagram,1,1,0,0,0,none,0
100944,2026-08-08,before,new,Android,Direct,1,1,1,1,1,none,3784
100945,2026-08-08,before,heavy,iOS,Instagram,1,1,0,0,0,none,0
100946,2026-08-08,before,light,Android,Instagram,1,1,0,0,0,none,0
100947,2026-08-08,before,light,iOS,Instagram,1,1,1,1,1,none,7111
100948,2026-08-08,before,light,PC,X,1,1,1,1,1,none,5554
100949,2026-08-08,before,new,iOS,Direct,1,1,0,0,0,none,0
100950,2026-08-08,before,heavy,iOS,Direct,1,1,1,1,1,none,9892
100951,2026-08-08,before,light,iOS,Instagram,1,1,1,1,0,none,0
100952,2026-08-08,before,light,iOS,Instagram,1,0,0,0,0,none,0
100953,2026-08-08,before,new,PC,X,1,1,1,1,0,none,0
100954,2026-08-08,before,heavy,Android,Instagram,1,1,0,0,0,none,0
100955,2026-08-08,before,heavy,Android,Google,1,1,0,0,0,none,0
100956,2026-08-08,before,light,iOS,Instagram,1,1,1,1,0,none,0
100957,2026-08-08,before,light,iOS,Google,1,1,1,1,1,none,6445
100958,2026-08-08,before,light,Android,Direct,1,1,1,1,1,none,4193
100959,2026-08-08,before,heavy,iOS,Google,1,0,0,0,0,none,0
100960,2026-08-08,before,light,PC,Direct,1,1,1,0,0,none,0
100961,2026-08-09,before,light,iOS,Instagram,1,1,1,0,0,none,0
100962,2026-08-09,before,light,Android,X,1,1,1,0,0,none,0
100963,2026-08-09,before,new,iOS,Google,1,1,1,1,0,none,0
100964,2026-08-09,before,light,PC,X,1,1,0,0,0,none,0
100965,2026-08-09,before,new,iOS,Google,1,1,0,0,0,none,0
100966,2026-08-09,before,light,Android,Instagram,1,1,1,0,0,none,0
100967,2026-08-09,before,light,PC,Direct,1,1,1,0,0,none,0
100968,2026-08-09,before,heavy,Android,Google,1,1,1,1,1,none,8720
100969,2026-08-09,before,light,PC,Instagram,1,1,1,1,0,none,0
100970,2026-08-09,before,light,iOS,X,1,0,0,0,0,none,0
100971,2026-08-09,before,heavy,PC,Google,1,0,0,0,0,none,0
100972,2026-08-09,before,new,Android,Direct,1,1,0,0,0,none,0
100973,2026-08-09,before,light,Android,Google,1,1,0,0,0,none,0
100974,2026-08-09,before,new,Android,Direct,1,1,0,0,0,none,0
100975,2026-08-09,before,light,PC,Google,1,1,0,0,0,none,0
100976,2026-08-09,before,light,iOS,Direct,1,1,0,0,0,none,0
100977,2026-08-09,before,heavy,Android,Google,1,1,1,0,0,none,0
100978,2026-08-09,before,light,PC,Direct,1,1,0,0,0,none,0
100979,2026-08-09,before,new,iOS,Direct,1,1,1,0,0,none,0
100980,2026-08-09,before,heavy,iOS,Instagram,1,1,1,1,1,none,12243
100981,2026-08-09,before,light,iOS,Google,1,1,1,1,1,none,4953
100982,2026-08-09,before,heavy,Android,X,1,1,0,0,0,none,0
100983,2026-08-09,before,heavy,Android,Direct,1,1,0,0,0,none,0
100984,2026-08-09,before,new,PC,Instagram,1,1,0,0,0,none,0
100985,2026-08-09,before,new,iOS,Direct,1,1,0,0,0,none,0
100986,2026-08-09,before,heavy,Android,Google,1,1,0,0,0,none,0
100987,2026-08-09,before,light,Android,Direct,1,1,0,0,0,none,0
100988,2026-08-09,before,heavy,PC,Google,1,1,1,1,1,none,11668
100989,2026-08-09,before,heavy,Android,Direct,1,1,0,0,0,none,0
100990,2026-08-09,before,new,iOS,Direct,1,1,0,0,0,payment_api_error,0
100991,2026-08-09,before,light,Android,Instagram,1,1,0,0,0,none,0
100992,2026-08-09,before,new,iOS,Instagram,1,1,0,0,0,none,0
100993,2026-08-09,before,new,PC,Direct,1,1,0,0,0,none,0
100994,2026-08-09,before,light,iOS,Instagram,1,1,1,0,0,none,0
100995,2026-08-09,before,new,PC,X,1,1,1,1,1,none,3385
100996,2026-08-09,before,new,iOS,X,1,1,0,0,0,none,0
100997,2026-08-09,before,new,iOS,Google,1,1,0,0,0,none,0
100998,2026-08-09,before,heavy,PC,Google,1,1,1,0,0,none,0
100999,2026-08-09,before,light,Android,X,1,1,0,0,0,none,0
101000,2026-08-09,before,new,Android,Direct,1,1,0,0,0,none,0
101001,2026-08-09,before,light,PC,Instagram,1,0,0,0,0,none,0
101002,2026-08-09,before,light,iOS,Google,1,0,0,0,0,none,0
101003,2026-08-09,before,light,iOS,Direct,1,1,1,1,1,none,6810
101004,2026-08-09,before,light,PC,Instagram,1,1,1,1,1,none,8435
101005,2026-08-09,before,light,iOS,Google,1,1,1,1,1,none,3798
101006,2026-08-09,before,new,iOS,Instagram,1,1,1,0,0,none,0
101007,2026-08-09,before,light,PC,X,1,1,0,0,0,none,0
101008,2026-08-09,before,heavy,Android,X,1,0,0,0,0,none,0
101009,2026-08-09,before,new,Android,Google,1,1,0,0,0,none,0
101010,2026-08-09,before,heavy,iOS,Direct,1,1,1,1,0,none,0
101011,2026-08-09,before,light,Android,Google,1,1,1,1,1,none,7019
101012,2026-08-09,before,new,iOS,Instagram,1,1,0,0,0,none,0
101013,2026-08-09,before,light,PC,Google,1,1,1,1,1,none,7469
101014,2026-08-09,before,new,iOS,Google,1,1,0,0,0,none,0
101015,2026-08-09,before,new,Android,Instagram,1,1,1,1,1,none,3661
101016,2026-08-09,before,light,Android,Google,1,1,1,1,1,none,5245
101017,2026-08-09,before,light,PC,Google,1,1,0,0,0,none,0
101018,2026-08-09,before,new,Android,X,1,0,0,0,0,none,0
101019,2026-08-09,before,new,PC,Instagram,1,0,0,0,0,none,0
101020,2026-08-09,before,light,iOS,Google,1,1,0,0,0,none,0
101021,2026-08-09,before,light,PC,Instagram,1,1,1,1,1,none,5479
101022,2026-08-09,before,new,Android,Direct,1,1,1,0,0,none,0
101023,2026-08-09,before,light,Android,Instagram,1,1,1,1,1,payment_api_error,5142
101024,2026-08-09,before,light,Android,Direct,1,1,0,0,0,none,0
101025,2026-08-09,before,light,Android,X,1,1,1,1,1,none,2961
101026,2026-08-09,before,new,PC,Google,1,1,1,1,1,none,3330
101027,2026-08-09,before,light,Android,Instagram,1,0,0,0,0,none,0
101028,2026-08-09,before,light,Android,Instagram,1,1,0,0,0,none,0
101029,2026-08-09,before,light,iOS,Google,1,1,0,0,0,none,0
101030,2026-08-09,before,new,Android,Direct,1,1,0,0,0,none,0
101031,2026-08-09,before,light,Android,Google,1,1,0,0,0,none,0
101032,2026-08-09,before,light,Android,Instagram,1,0,0,0,0,none,0
101033,2026-08-09,before,new,Android,X,1,1,1,1,1,none,3804
101034,2026-08-09,before,new,Android,Google,1,1,1,0,0,none,0
101035,2026-08-09,before,light,Android,Instagram,1,0,0,0,0,none,0
101036,2026-08-09,before,light,iOS,Google,1,1,0,0,0,none,0
101037,2026-08-09,before,new,Android,Direct,1,1,1,1,1,none,3934
101038,2026-08-09,before,new,Android,Instagram,1,1,1,1,1,none,4729
101039,2026-08-09,before,light,PC,Instagram,1,0,0,0,0,none,0
101040,2026-08-09,before,new,iOS,Google,1,0,0,0,0,none,0
101041,2026-08-09,before,light,iOS,Google,1,1,0,0,0,none,0
101042,2026-08-09,before,new,Android,Direct,1,1,0,0,0,none,0
101043,2026-08-09,before,light,Android,Instagram,1,1,0,0,0,none,0
101044,2026-08-09,before,new,Android,Direct,1,0,0,0,0,none,0
101045,2026-08-09,before,heavy,PC,Google,1,0,0,0,0,none,0
101046,2026-08-09,before,light,Android,Direct,1,1,0,0,0,none,0
101047,2026-08-09,before,light,PC,Direct,1,1,0,0,0,none,0
101048,2026-08-09,before,heavy,Android,Direct,1,1,0,0,0,none,0
101049,2026-08-09,before,new,iOS,Direct,1,1,0,0,0,none,0
101050,2026-08-09,before,new,iOS,X,1,0,0,0,0,none,0
101051,2026-08-09,before,light,iOS,X,1,1,1,1,1,none,4323
101052,2026-08-09,before,light,PC,Instagram,1,1,1,1,1,none,4806
101053,2026-08-09,before,heavy,iOS,Instagram,1,0,0,0,0,none,0
101054,2026-08-09,before,new,iOS,Direct,1,1,0,0,0,none,0
101055,2026-08-09,before,light,Android,Google,1,0,0,0,0,none,0
101056,2026-08-09,before,heavy,iOS,Instagram,1,0,0,0,0,none,0
101057,2026-08-09,before,heavy,PC,Direct,1,0,0,0,0,none,0
101058,2026-08-09,before,new,Android,Instagram,1,1,1,0,0,none,0
101059,2026-08-09,before,new,Android,Instagram,1,1,1,1,1,none,3832
101060,2026-08-09,before,new,PC,Google,1,1,1,0,0,none,0
101061,2026-08-09,before,new,iOS,Google,1,0,0,0,0,none,0
101062,2026-08-09,before,heavy,Android,Google,1,1,0,0,0,none,0
101063,2026-08-09,before,heavy,PC,Google,1,0,0,0,0,none,0
101064,2026-08-09,before,light,iOS,Direct,1,0,0,0,0,none,0
101065,2026-08-09,before,heavy,Android,Direct,1,1,1,1,1,none,7982
101066,2026-08-09,before,light,PC,X,1,1,1,1,1,none,5944
101067,2026-08-09,before,new,Android,Direct,1,0,0,0,0,none,0
101068,2026-08-09,before,light,Android,Direct,1,1,1,1,1,none,7513
101069,2026-08-09,before,new,iOS,Direct,1,1,1,1,1,none,4746
101070,2026-08-09,before,light,iOS,Direct,1,1,0,0,0,none,0
101071,2026-08-09,before,light,Android,Google,1,1,1,1,1,none,8487
101072,2026-08-09,before,light,iOS,Google,1,1,0,0,0,none,0
101073,2026-08-09,before,heavy,Android,X,1,1,1,1,1,none,15853
101074,2026-08-09,before,new,iOS,Google,1,0,0,0,0,none,0
101075,2026-08-09,before,heavy,Android,Direct,1,1,0,0,0,none,0
101076,2026-08-09,before,light,Android,Instagram,1,1,0,0,0,none,0
101077,2026-08-09,before,light,PC,Direct,1,1,0,0,0,none,0
101078,2026-08-09,before,new,Android,Instagram,1,1,0,0,0,none,0
101079,2026-08-09,before,heavy,Android,X,1,1,1,0,0,none,0
101080,2026-08-09,before,heavy,iOS,Google,1,0,0,0,0,none,0
101081,2026-08-10,before,new,Android,Instagram,1,1,1,1,0,none,0
101082,2026-08-10,before,light,Android,X,1,1,1,0,0,none,0
101083,2026-08-10,before,new,Android,Instagram,1,1,1,1,0,none,0
101084,2026-08-10,before,light,iOS,Instagram,1,1,1,1,1,none,9394
101085,2026-08-10,before,light,iOS,Instagram,1,1,0,0,0,none,0
101086,2026-08-10,before,light,Android,Instagram,1,1,1,1,1,none,5190
101087,2026-08-10,before,new,PC,Direct,1,0,0,0,0,none,0
101088,2026-08-10,before,heavy,PC,X,1,1,0,0,0,none,0
101089,2026-08-10,before,new,iOS,Instagram,1,0,0,0,0,none,0
101090,2026-08-10,before,heavy,Android,Google,1,1,0,0,0,none,0
101091,2026-08-10,before,light,PC,X,1,1,0,0,0,none,0
101092,2026-08-10,before,light,iOS,Instagram,1,1,1,0,0,none,0
101093,2026-08-10,before,light,Android,Google,1,1,1,1,1,none,4439
101094,2026-08-10,before,light,PC,Google,1,1,0,0,0,none,0
101095,2026-08-10,before,light,PC,Instagram,1,1,1,1,0,none,0
101096,2026-08-10,before,light,iOS,Instagram,1,1,1,1,0,none,0
101097,2026-08-10,before,heavy,PC,Google,1,1,0,0,0,none,0
101098,2026-08-10,before,light,Android,Google,1,1,0,0,0,none,0
101099,2026-08-10,before,new,iOS,Google,1,0,0,0,0,none,0
101100,2026-08-10,before,light,iOS,Instagram,1,1,1,1,0,none,0
101101,2026-08-10,before,light,iOS,X,1,1,1,0,0,none,0
101102,2026-08-10,before,light,PC,Instagram,1,0,0,0,0,none,0
101103,2026-08-10,before,light,iOS,Instagram,1,1,0,0,0,none,0
101104,2026-08-10,before,heavy,Android,Instagram,1,1,0,0,0,none,0
101105,2026-08-10,before,light,PC,Google,1,0,0,0,0,none,0
101106,2026-08-10,before,light,Android,Direct,1,1,1,0,0,none,0
101107,2026-08-10,before,heavy,iOS,X,1,1,0,0,0,none,0
101108,2026-08-10,before,light,Android,Direct,1,1,0,0,0,none,0
101109,2026-08-10,before,light,PC,Google,1,1,0,0,0,none,0
101110,2026-08-10,before,new,iOS,X,1,1,1,1,1,none,4430
101111,2026-08-10,before,light,Android,Instagram,1,0,0,0,0,none,0
101112,2026-08-10,before,light,Android,Instagram,1,1,1,1,1,none,7288
101113,2026-08-10,before,new,iOS,Google,1,0,0,0,0,none,0
101114,2026-08-10,before,heavy,PC,Instagram,1,1,0,0,0,none,0
101115,2026-08-10,before,new,Android,Google,1,0,0,0,0,none,0
101116,2026-08-10,before,new,Android,Google,1,1,1,1,1,none,2928
101117,2026-08-10,before,light,iOS,Instagram,1,1,0,0,0,none,0
101118,2026-08-10,before,new,iOS,Direct,1,1,1,0,0,none,0
101119,2026-08-10,before,light,PC,Instagram,1,1,1,0,0,none,0
101120,2026-08-10,before,new,iOS,Google,1,0,0,0,0,none,0
101121,2026-08-10,before,heavy,Android,Instagram,1,1,1,1,1,none,13129
101122,2026-08-10,before,light,Android,X,1,0,0,0,0,none,0
101123,2026-08-10,before,light,iOS,Direct,1,1,1,1,1,none,8853
101124,2026-08-10,before,light,iOS,X,1,1,0,0,0,none,0
101125,2026-08-10,before,light,Android,Direct,1,1,1,1,1,none,8033
101126,2026-08-10,before,heavy,iOS,Instagram,1,1,1,0,0,none,0
101127,2026-08-10,before,new,Android,Instagram,1,0,0,0,0,none,0
101128,2026-08-10,before,light,iOS,Instagram,1,1,1,0,0,none,0
101129,2026-08-10,before,light,iOS,Instagram,1,1,1,1,0,none,0
101130,2026-08-10,before,new,Android,Instagram,1,1,0,0,0,none,0
101131,2026-08-10,before,new,PC,X,1,1,1,0,0,none,0
101132,2026-08-10,before,new,Android,Google,1,1,1,1,1,none,3522
101133,2026-08-10,before,light,Android,Instagram,1,1,0,0,0,none,0
101134,2026-08-10,before,light,Android,Instagram,1,1,0,0,0,none,0
101135,2026-08-10,before,new,Android,Direct,1,1,1,1,0,none,0
101136,2026-08-10,before,new,Android,Google,1,1,0,0,0,none,0
101137,2026-08-10,before,new,iOS,Instagram,1,1,0,0,0,none,0
101138,2026-08-10,before,heavy,iOS,X,1,1,1,0,0,none,0
101139,2026-08-10,before,light,iOS,Google,1,0,0,0,0,none,0
101140,2026-08-10,before,light,Android,Google,1,1,0,0,0,none,0
101141,2026-08-10,before,heavy,Android,Google,1,1,0,0,0,none,0
101142,2026-08-10,before,new,Android,Direct,1,1,1,1,0,none,0
101143,2026-08-10,before,new,iOS,Google,1,1,1,1,0,none,0
101144,2026-08-10,before,heavy,Android,Google,1,1,1,1,1,none,9099
101145,2026-08-10,before,light,iOS,Direct,1,1,1,1,1,none,5409
101146,2026-08-10,before,heavy,Android,X,1,1,1,0,0,none,0
101147,2026-08-10,before,heavy,PC,X,1,1,1,1,1,none,10182
101148,2026-08-10,before,new,iOS,Instagram,1,1,1,1,1,none,4656
101149,2026-08-10,before,new,Android,X,1,0,0,0,0,none,0
101150,2026-08-10,before,light,PC,Instagram,1,1,0,0,0,none,0
101151,2026-08-10,before,light,Android,Instagram,1,0,0,0,0,none,0
101152,2026-08-10,before,light,iOS,Google,1,1,1,0,0,none,0
101153,2026-08-10,before,new,iOS,Google,1,1,1,1,1,none,4159
101154,2026-08-10,before,heavy,Android,X,1,1,1,0,0,none,0
101155,2026-08-10,before,new,PC,Direct,1,1,0,0,0,none,0
101156,2026-08-10,before,light,iOS,Google,1,0,0,0,0,none,0
101157,2026-08-10,before,light,PC,Direct,1,1,0,0,0,none,0
101158,2026-08-10,before,new,iOS,Google,1,1,0,0,0,none,0
101159,2026-08-10,before,light,PC,Direct,1,1,0,0,0,none,0
101160,2026-08-10,before,new,Android,Direct,1,1,1,1,1,none,5536
101161,2026-08-10,before,heavy,Android,Instagram,1,1,1,1,1,none,6577
101162,2026-08-10,before,light,PC,Direct,1,1,0,0,0,none,0
101163,2026-08-10,before,new,PC,Direct,1,0,0,0,0,none,0
101164,2026-08-10,before,light,Android,X,1,1,1,1,1,none,5911
101165,2026-08-10,before,heavy,iOS,Google,1,1,0,0,0,none,0
101166,2026-08-10,before,new,iOS,Google,1,0,0,0,0,none,0
101167,2026-08-10,before,new,PC,Direct,1,0,0,0,0,none,0
101168,2026-08-10,before,light,iOS,Direct,1,1,0,0,0,none,0
101169,2026-08-10,before,light,Android,Direct,1,0,0,0,0,none,0
101170,2026-08-10,before,light,PC,Google,1,1,0,0,0,none,0
101171,2026-08-10,before,light,iOS,X,1,0,0,0,0,none,0
101172,2026-08-10,before,new,PC,Google,1,1,1,0,0,none,0
101173,2026-08-10,before,heavy,iOS,Google,1,1,1,1,1,none,9768
101174,2026-08-10,before,light,Android,Direct,1,1,0,0,0,none,0
101175,2026-08-10,before,new,iOS,Google,1,1,0,0,0,none,0
101176,2026-08-10,before,new,Android,Instagram,1,0,0,0,0,none,0
101177,2026-08-10,before,heavy,iOS,Google,1,1,0,0,0,none,0
101178,2026-08-10,before,light,iOS,X,1,1,0,0,0,none,0
101179,2026-08-10,before,new,iOS,Instagram,1,0,0,0,0,none,0
101180,2026-08-10,before,heavy,iOS,X,1,1,0,0,0,none,0
101181,2026-08-10,before,new,Android,Direct,1,1,0,0,0,none,0
101182,2026-08-10,before,heavy,Android,Instagram,1,1,1,0,0,none,0
101183,2026-08-10,before,heavy,iOS,Instagram,1,1,0,0,0,none,0
101184,2026-08-10,before,new,Android,Google,1,0,0,0,0,none,0
101185,2026-08-10,before,heavy,Android,Instagram,1,1,0,0,0,none,0
101186,2026-08-10,before,light,iOS,Instagram,1,0,0,0,0,none,0
101187,2026-08-10,before,new,PC,Instagram,1,1,0,0,0,none,0
101188,2026-08-10,before,heavy,PC,Google,1,0,0,0,0,none,0
101189,2026-08-10,before,light,iOS,Instagram,1,1,0,0,0,none,0
101190,2026-08-10,before,light,iOS,Google,1,1,1,1,1,timeout_error,5849
101191,2026-08-10,before,new,PC,Instagram,1,1,0,0,0,none,0
101192,2026-08-10,before,light,Android,Direct,1,1,1,1,0,none,0
101193,2026-08-10,before,new,iOS,Direct,1,1,0,0,0,none,0
101194,2026-08-10,before,light,Android,Google,1,0,0,0,0,none,0
101195,2026-08-10,before,heavy,Android,Direct,1,1,1,1,1,none,15104
101196,2026-08-10,before,light,PC,Google,1,1,1,1,0,none,0
101197,2026-08-10,before,light,iOS,X,1,1,0,0,0,none,0
101198,2026-08-10,before,heavy,Android,Direct,1,1,0,0,0,none,0
101199,2026-08-10,before,new,Android,Instagram,1,1,1,1,1,none,2904
101200,2026-08-10,before,new,iOS,Google,1,1,1,0,0,none,0
101201,2026-08-11,before,heavy,PC,Google,1,1,0,0,0,none,0
101202,2026-08-11,before,light,iOS,Instagram,1,1,0,0,0,none,0
101203,2026-08-11,before,light,PC,Direct,1,0,0,0,0,none,0
101204,2026-08-11,before,light,iOS,Google,1,0,0,0,0,none,0
101205,2026-08-11,before,heavy,Android,Direct,1,1,0,0,0,none,0
101206,2026-08-11,before,heavy,Android,Google,1,1,0,0,0,none,0
101207,2026-08-11,before,new,Android,Instagram,1,1,0,0,0,none,0
101208,2026-08-11,before,new,PC,X,1,1,0,0,0,none,0
101209,2026-08-11,before,light,iOS,X,1,1,1,1,0,none,0
101210,2026-08-11,before,new,Android,Direct,1,1,1,0,0,none,0
101211,2026-08-11,before,light,iOS,X,1,0,0,0,0,none,0
101212,2026-08-11,before,heavy,PC,Google,1,1,1,1,1,timeout_error,12672
101213,2026-08-11,before,light,Android,Instagram,1,1,1,0,0,none,0
101214,2026-08-11,before,new,PC,Direct,1,1,1,1,0,none,0
101215,2026-08-11,before,light,Android,Direct,1,1,0,0,0,none,0
101216,2026-08-11,before,light,iOS,Google,1,1,1,1,1,none,5028
101217,2026-08-11,before,heavy,Android,Instagram,1,1,0,0,0,none,0
101218,2026-08-11,before,light,Android,Instagram,1,1,1,0,0,none,0
101219,2026-08-11,before,new,iOS,Google,1,1,0,0,0,none,0
101220,2026-08-11,before,new,Android,X,1,1,1,1,1,none,4442
101221,2026-08-11,before,light,Android,Direct,1,1,1,1,1,none,6062
101222,2026-08-11,before,new,PC,Google,1,1,1,1,1,none,4822
101223,2026-08-11,before,heavy,Android,X,1,1,0,0,0,none,0
101224,2026-08-11,before,light,PC,Instagram,1,0,0,0,0,none,0
101225,2026-08-11,before,light,PC,Google,1,0,0,0,0,none,0
101226,2026-08-11,before,light,iOS,Direct,1,1,0,0,0,none,0
101227,2026-08-11,before,new,Android,Direct,1,1,0,0,0,none,0
101228,2026-08-11,before,new,iOS,X,1,1,0,0,0,none,0
101229,2026-08-11,before,new,Android,Google,1,0,0,0,0,none,0
101230,2026-08-11,before,light,iOS,Instagram,1,1,1,0,0,payment_api_error,0
101231,2026-08-11,before,light,iOS,X,1,0,0,0,0,none,0
101232,2026-08-11,before,new,iOS,Google,1,1,0,0,0,none,0
101233,2026-08-11,before,light,PC,X,1,1,0,0,0,none,0
101234,2026-08-11,before,light,iOS,Direct,1,1,0,0,0,none,0
101235,2026-08-11,before,new,iOS,Google,1,0,0,0,0,none,0
101236,2026-08-11,before,light,Android,X,1,1,0,0,0,none,0
101237,2026-08-11,before,new,Android,Direct,1,1,0,0,0,none,0
101238,2026-08-11,before,new,iOS,X,1,0,0,0,0,none,0
101239,2026-08-11,before,light,PC,Direct,1,1,1,1,1,none,8023
101240,2026-08-11,before,heavy,iOS,X,1,1,1,0,0,none,0
101241,2026-08-11,before,light,Android,Instagram,1,1,1,1,1,none,5157
101242,2026-08-11,before,light,Android,X,1,1,1,0,0,none,0
101243,2026-08-11,before,new,Android,Direct,1,1,0,0,0,none,0
101244,2026-08-11,before,heavy,PC,Google,1,1,1,0,0,none,0
101245,2026-08-11,before,light,iOS,X,1,0,0,0,0,none,0
101246,2026-08-11,before,light,PC,Google,1,1,1,1,1,none,5875
101247,2026-08-11,before,light,Android,Direct,1,1,1,1,1,none,7450
101248,2026-08-11,before,new,Android,Google,1,1,0,0,0,none,0
101249,2026-08-11,before,new,Android,Instagram,1,0,0,0,0,none,0
101250,2026-08-11,before,heavy,Android,Google,1,1,0,0,0,none,0
101251,2026-08-11,before,light,iOS,Direct,1,1,1,1,1,none,6491
101252,2026-08-11,before,heavy,iOS,Google,1,1,1,1,1,none,10876
101253,2026-08-11,before,new,Android,Instagram,1,0,0,0,0,none,0
101254,2026-08-11,before,light,iOS,Google,1,0,0,0,0,none,0
101255,2026-08-11,before,new,Android,Google,1,1,0,0,0,none,0
101256,2026-08-11,before,new,Android,Google,1,1,0,0,0,none,0
101257,2026-08-11,before,light,iOS,Google,1,1,1,0,0,none,0
101258,2026-08-11,before,new,PC,Instagram,1,1,1,1,1,none,4980
101259,2026-08-11,before,heavy,iOS,Direct,1,1,0,0,0,none,0
101260,2026-08-11,before,heavy,iOS,Direct,1,1,1,1,0,none,0
101261,2026-08-11,before,light,iOS,Direct,1,1,0,0,0,none,0
101262,2026-08-11,before,light,Android,Direct,1,1,1,1,1,none,6704
101263,2026-08-11,before,new,PC,Direct,1,1,1,1,1,none,5698
101264,2026-08-11,before,light,iOS,Google,1,0,0,0,0,none,0
101265,2026-08-11,before,light,Android,Instagram,1,0,0,0,0,none,0
101266,2026-08-11,before,heavy,iOS,Direct,1,1,0,0,0,none,0
101267,2026-08-11,before,light,Android,Google,1,1,0,0,0,none,0
101268,2026-08-11,before,light,PC,Instagram,1,1,0,0,0,none,0
101269,2026-08-11,before,heavy,Android,Direct,1,1,0,0,0,none,0
101270,2026-08-11,before,heavy,Android,Instagram,1,1,1,1,1,none,11424
101271,2026-08-11,before,light,iOS,Google,1,1,1,0,0,none,0
101272,2026-08-11,before,new,Android,X,1,1,1,1,1,none,4745
101273,2026-08-11,before,heavy,iOS,Instagram,1,1,0,0,0,none,0
101274,2026-08-11,before,light,iOS,X,1,1,1,1,1,none,5823
101275,2026-08-11,before,heavy,iOS,Google,1,0,0,0,0,none,0
101276,2026-08-11,before,new,iOS,Direct,1,0,0,0,0,none,0
101277,2026-08-11,before,light,PC,Instagram,1,0,0,0,0,none,0
101278,2026-08-11,before,light,PC,Google,1,1,0,0,0,none,0
101279,2026-08-11,before,light,PC,Instagram,1,0,0,0,0,none,0
101280,2026-08-11,before,new,Android,Direct,1,1,1,0,0,none,0
101281,2026-08-11,before,heavy,iOS,Direct,1,1,1,1,1,none,15858
101282,2026-08-11,before,heavy,Android,Instagram,1,0,0,0,0,none,0
101283,2026-08-11,before,new,Android,Direct,1,1,0,0,0,none,0
101284,2026-08-11,before,light,Android,X,1,1,1,0,0,none,0
101285,2026-08-11,before,light,Android,Google,1,1,1,1,1,none,4860
101286,2026-08-11,before,light,Android,Google,1,0,0,0,0,none,0
101287,2026-08-11,before,light,iOS,Instagram,1,0,0,0,0,none,0
101288,2026-08-11,before,new,Android,X,1,1,1,0,0,none,0
101289,2026-08-11,before,light,PC,Instagram,1,1,1,1,1,none,4612
101290,2026-08-11,before,light,iOS,Google,1,0,0,0,0,none,0
101291,2026-08-11,before,heavy,PC,Instagram,1,0,0,0,0,none,0
101292,2026-08-11,before,light,PC,Instagram,1,0,0,0,0,none,0
101293,2026-08-11,before,heavy,PC,Instagram,1,1,1,1,1,none,4616
101294,2026-08-11,before,new,Android,Direct,1,1,1,1,1,none,4244
101295,2026-08-11,before,heavy,iOS,Instagram,1,0,0,0,0,none,0
101296,2026-08-11,before,new,iOS,Google,1,1,1,1,1,none,2687
101297,2026-08-11,before,light,iOS,Instagram,1,1,0,0,0,none,0
101298,2026-08-11,before,light,iOS,Direct,1,1,0,0,0,none,0
101299,2026-08-11,before,new,iOS,Instagram,1,1,0,0,0,none,0
101300,2026-08-11,before,heavy,Android,Instagram,1,1,0,0,0,none,0
101301,2026-08-11,before,light,iOS,Direct,1,1,1,1,0,none,0
101302,2026-08-11,before,heavy,iOS,Google,1,0,0,0,0,none,0
101303,2026-08-11,before,heavy,PC,X,1,1,1,0,0,none,0
101304,2026-08-11,before,new,iOS,Direct,1,0,0,0,0,none,0
101305,2026-08-11,before,heavy,PC,Instagram,1,1,0,0,0,none,0
101306,2026-08-11,before,new,PC,Instagram,1,1,0,0,0,none,0
101307,2026-08-11,before,light,PC,Instagram,1,1,1,1,1,none,6985
101308,2026-08-11,before,light,PC,Google,1,1,1,1,1,none,6237
101309,2026-08-11,before,heavy,PC,Direct,1,1,0,0,0,none,0
101310,2026-08-11,before,heavy,iOS,Google,1,1,0,0,0,none,0
101311,2026-08-11,before,light,PC,Instagram,1,1,0,0,0,none,0
101312,2026-08-11,before,heavy,PC,X,1,0,0,0,0,none,0
101313,2026-08-11,before,light,Android,Google,1,1,0,0,0,none,0
101314,2026-08-11,before,heavy,Android,Direct,1,1,1,1,1,none,9033
101315,2026-08-11,before,new,iOS,Instagram,1,1,0,0,0,none,0
101316,2026-08-11,before,heavy,Android,Google,1,1,0,0,0,none,0
101317,2026-08-11,before,new,iOS,Direct,1,0,0,0,0,none,0
101318,2026-08-11,before,light,iOS,Google,1,1,0,0,0,none,0
101319,2026-08-11,before,new,PC,Google,1,1,0,0,0,none,0
101320,2026-08-11,before,light,iOS,Instagram,1,1,0,0,0,none,0
101321,2026-08-12,before,new,iOS,X,1,0,0,0,0,none,0
101322,2026-08-12,before,new,Android,Direct,1,0,0,0,0,none,0
101323,2026-08-12,before,light,PC,Instagram,1,1,0,0,0,none,0
101324,2026-08-12,before,light,Android,Instagram,1,0,0,0,0,none,0
101325,2026-08-12,before,light,Android,Google,1,0,0,0,0,none,0
101326,2026-08-12,before,heavy,iOS,Instagram,1,1,0,0,0,none,0
101327,2026-08-12,before,new,PC,Direct,1,1,0,0,0,none,0
101328,2026-08-12,before,new,Android,Google,1,0,0,0,0,none,0
101329,2026-08-12,before,new,Android,Direct,1,1,1,1,1,none,4060
101330,2026-08-12,before,new,iOS,Direct,1,0,0,0,0,none,0
101331,2026-08-12,before,new,PC,Direct,1,0,0,0,0,none,0
101332,2026-08-12,before,new,PC,Instagram,1,1,1,1,1,none,4727
101333,2026-08-12,before,new,Android,Instagram,1,1,1,1,1,none,5648
101334,2026-08-12,before,new,iOS,Google,1,1,0,0,0,none,0
101335,2026-08-12,before,heavy,iOS,Google,1,1,0,0,0,none,0
101336,2026-08-12,before,light,iOS,Instagram,1,1,0,0,0,none,0
101337,2026-08-12,before,light,iOS,Direct,1,1,0,0,0,none,0
101338,2026-08-12,before,new,iOS,Direct,1,1,0,0,0,none,0
101339,2026-08-12,before,light,iOS,X,1,1,1,0,0,none,0
101340,2026-08-12,before,new,Android,X,1,1,0,0,0,payment_api_error,0
101341,2026-08-12,before,new,Android,Direct,1,1,1,1,1,none,3398
101342,2026-08-12,before,heavy,Android,Direct,1,0,0,0,0,none,0
101343,2026-08-12,before,light,PC,Instagram,1,0,0,0,0,none,0
101344,2026-08-12,before,light,PC,Google,1,1,0,0,0,none,0
101345,2026-08-12,before,heavy,iOS,X,1,1,0,0,0,none,0
101346,2026-08-12,before,new,Android,Instagram,1,1,1,1,1,none,3639
101347,2026-08-12,before,new,iOS,Google,1,1,1,1,1,none,4629
101348,2026-08-12,before,new,PC,Google,1,0,0,0,0,none,0
101349,2026-08-12,before,light,iOS,Instagram,1,1,0,0,0,none,0
101350,2026-08-12,before,new,iOS,Instagram,1,1,1,1,1,none,4643
101351,2026-08-12,before,new,Android,Instagram,1,1,1,1,0,none,0
101352,2026-08-12,before,new,iOS,Direct,1,1,1,1,1,none,4131
101353,2026-08-12,before,heavy,iOS,Direct,1,1,1,1,1,none,11410
101354,2026-08-12,before,light,PC,Google,1,0,0,0,0,none,0
101355,2026-08-12,before,light,iOS,Direct,1,1,0,0,0,none,0
101356,2026-08-12,before,new,Android,Instagram,1,1,1,1,1,none,2917
101357,2026-08-12,before,heavy,PC,Instagram,1,1,1,1,1,none,8930
101358,2026-08-12,before,new,Android,Google,1,1,1,1,1,none,5959
101359,2026-08-12,before,new,iOS,Google,1,1,1,1,1,none,4688
101360,2026-08-12,before,heavy,Android,X,1,1,0,0,0,none,0
101361,2026-08-12,before,new,Android,Direct,1,1,1,0,0,none,0
101362,2026-08-12,before,light,PC,Direct,1,1,1,0,0,none,0
101363,2026-08-12,before,light,iOS,Google,1,1,1,0,0,none,0
101364,2026-08-12,before,new,Android,Direct,1,1,1,1,1,none,5014
101365,2026-08-12,before,light,Android,Instagram,1,1,1,1,1,none,7678
101366,2026-08-12,before,light,Android,Instagram,1,1,0,0,0,none,0
101367,2026-08-12,before,new,Android,Instagram,1,1,0,0,0,none,0
101368,2026-08-12,before,new,Android,Direct,1,0,0,0,0,none,0
101369,2026-08-12,before,light,PC,Google,1,1,0,0,0,none,0
101370,2026-08-12,before,new,iOS,Instagram,1,1,0,0,0,none,0
101371,2026-08-12,before,new,Android,X,1,1,1,0,0,none,0
101372,2026-08-12,before,light,PC,Google,1,1,0,0,0,none,0
101373,2026-08-12,before,new,Android,Google,1,1,1,1,1,none,5295
101374,2026-08-12,before,light,iOS,Direct,1,1,0,0,0,none,0
101375,2026-08-12,before,new,Android,Direct,1,1,1,1,1,none,3942
101376,2026-08-12,before,new,Android,Direct,1,0,0,0,0,none,0
101377,2026-08-12,before,light,Android,Google,1,1,1,1,1,none,7250
101378,2026-08-12,before,light,Android,X,1,1,0,0,0,none,0
101379,2026-08-12,before,light,Android,Instagram,1,1,0,0,0,none,0
101380,2026-08-12,before,new,Android,Direct,1,1,1,1,1,none,3674
101381,2026-08-12,before,heavy,Android,Direct,1,1,1,1,1,none,11146
101382,2026-08-12,before,light,iOS,Google,1,1,1,0,0,none,0
101383,2026-08-12,before,heavy,PC,Instagram,1,1,0,0,0,none,0
101384,2026-08-12,before,light,iOS,Direct,1,1,1,0,0,none,0
101385,2026-08-12,before,new,iOS,X,1,0,0,0,0,none,0
101386,2026-08-12,before,heavy,PC,Direct,1,1,1,1,1,none,4329
101387,2026-08-12,before,light,Android,Instagram,1,1,1,1,1,none,5928
101388,2026-08-12,before,heavy,iOS,Direct,1,1,1,1,0,none,0
101389,2026-08-12,before,heavy,iOS,Google,1,0,0,0,0,none,0
101390,2026-08-12,before,heavy,Android,Instagram,1,1,1,1,0,none,0
101391,2026-08-12,before,new,PC,Instagram,1,0,0,0,0,none,0
101392,2026-08-12,before,new,PC,Google,1,1,1,1,1,none,6202
101393,2026-08-12,before,new,PC,Google,1,1,0,0,0,none,0
101394,2026-08-12,before,light,iOS,Instagram,1,0,0,0,0,none,0
101395,2026-08-12,before,new,iOS,Google,1,1,1,1,1,none,5321
101396,2026-08-12,before,light,Android,Direct,1,1,0,0,0,none,0
101397,2026-08-12,before,new,PC,Google,1,1,1,0,0,none,0
101398,2026-08-12,before,light,Android,Google,1,1,0,0,0,none,0
101399,2026-08-12,before,heavy,Android,Google,1,1,1,1,0,none,0
101400,2026-08-12,before,heavy,PC,Instagram,1,1,0,0,0,none,0
101401,2026-08-12,before,new,Android,X,1,0,0,0,0,none,0
101402,2026-08-12,before,new,Android,X,1,1,1,1,1,none,4085
101403,2026-08-12,before,new,Android,Direct,1,1,1,1,1,none,4530
101404,2026-08-12,before,light,iOS,Direct,1,0,0,0,0,none,0
101405,2026-08-12,before,heavy,Android,Google,1,1,1,1,0,none,0
101406,2026-08-12,before,light,Android,Google,1,1,1,1,1,none,7181
101407,2026-08-12,before,light,Android,Instagram,1,1,1,1,1,none,7312
101408,2026-08-12,before,light,Android,Google,1,1,1,1,1,none,3279
101409,2026-08-12,before,heavy,PC,Google,1,0,0,0,0,none,0
101410,2026-08-12,before,light,PC,Direct,1,1,1,1,1,none,5341
101411,2026-08-12,before,new,iOS,Google,1,1,1,1,1,none,3647
101412,2026-08-12,before,new,iOS,Google,1,1,1,1,1,none,2076
101413,2026-08-12,before,light,PC,Instagram,1,1,1,1,1,none,7408
101414,2026-08-12,before,light,Android,Direct,1,1,1,1,0,none,0
101415,2026-08-12,before,heavy,iOS,Direct,1,0,0,0,0,none,0
101416,2026-08-12,before,new,Android,Direct,1,1,1,1,0,none,0
101417,2026-08-12,before,light,PC,Instagram,1,1,0,0,0,none,0
101418,2026-08-12,before,new,iOS,Instagram,1,0,0,0,0,none,0
101419,2026-08-12,before,new,Android,X,1,1,1,0,0,none,0
101420,2026-08-12,before,light,Android,Google,1,1,1,1,1,none,5827
101421,2026-08-12,before,new,Android,Google,1,0,0,0,0,none,0
101422,2026-08-12,before,heavy,iOS,Instagram,1,1,0,0,0,none,0
101423,2026-08-12,before,light,Android,X,1,1,1,1,0,none,0
101424,2026-08-12,before,new,PC,Google,1,1,0,0,0,none,0
101425,2026-08-12,before,light,iOS,Direct,1,1,1,1,1,none,5859
101426,2026-08-12,before,light,iOS,Instagram,1,0,0,0,0,none,0
101427,2026-08-12,before,light,Android,Google,1,1,1,1,1,none,5326
101428,2026-08-12,before,new,Android,X,1,1,0,0,0,none,0
101429,2026-08-12,before,light,Android,X,1,1,1,0,0,none,0
101430,2026-08-12,before,light,PC,Instagram,1,1,1,1,1,none,7675
101431,2026-08-12,before,heavy,PC,Google,1,1,1,1,1,none,9002
101432,2026-08-12,before,new,PC,Direct,1,1,1,0,0,none,0
101433,2026-08-12,before,light,PC,Instagram,1,1,1,1,0,none,0
101434,2026-08-12,before,light,Android,Google,1,1,0,0,0,none,0
101435,2026-08-12,before,light,Android,X,1,1,1,1,1,none,8805
101436,2026-08-12,before,new,iOS,X,1,1,1,1,1,none,6311
101437,2026-08-12,before,new,Android,Direct,1,0,0,0,0,none,0
101438,2026-08-12,before,light,PC,Google,1,1,1,0,0,none,0
101439,2026-08-12,before,new,iOS,Instagram,1,0,0,0,0,none,0
101440,2026-08-12,before,light,Android,Instagram,1,1,1,1,1,none,7786
101441,2026-08-13,before,light,Android,Direct,1,1,1,0,0,none,0
101442,2026-08-13,before,light,iOS,Direct,1,1,0,0,0,none,0
101443,2026-08-13,before,new,Android,Direct,1,1,1,1,1,payment_api_error,4947
101444,2026-08-13,before,new,PC,Direct,1,1,0,0,0,none,0
101445,2026-08-13,before,light,Android,Instagram,1,1,1,1,1,none,5898
101446,2026-08-13,before,new,PC,Instagram,1,0,0,0,0,none,0
101447,2026-08-13,before,light,PC,Direct,1,1,1,1,1,none,8693
101448,2026-08-13,before,light,PC,Direct,1,0,0,0,0,none,0
101449,2026-08-13,before,new,iOS,Google,1,1,0,0,0,none,0
101450,2026-08-13,before,light,iOS,X,1,1,0,0,0,none,0
101451,2026-08-13,before,light,iOS,Google,1,1,1,1,1,none,5476
101452,2026-08-13,before,heavy,Android,Instagram,1,1,1,1,1,none,11583
101453,2026-08-13,before,light,PC,Instagram,1,1,1,1,1,none,5876
101454,2026-08-13,before,new,Android,Google,1,0,0,0,0,none,0
101455,2026-08-13,before,new,PC,X,1,1,1,0,0,none,0
101456,2026-08-13,before,new,iOS,Google,1,1,1,1,1,none,4368
101457,2026-08-13,before,new,PC,Google,1,1,0,0,0,none,0
101458,2026-08-13,before,light,Android,Google,1,1,0,0,0,none,0
101459,2026-08-13,before,light,iOS,Google,1,1,0,0,0,none,0
101460,2026-08-13,before,light,iOS,Direct,1,1,1,0,0,none,0
101461,2026-08-13,before,new,Android,Instagram,1,1,1,0,0,none,0
101462,2026-08-13,before,light,Android,Direct,1,1,1,0,0,none,0
101463,2026-08-13,before,light,Android,Direct,1,1,1,0,0,none,0
101464,2026-08-13,before,new,Android,Google,1,0,0,0,0,none,0
101465,2026-08-13,before,light,iOS,Instagram,1,1,0,0,0,none,0
101466,2026-08-13,before,heavy,iOS,Direct,1,1,1,1,1,none,3410
101467,2026-08-13,before,heavy,Android,Google,1,1,1,0,0,none,0
101468,2026-08-13,before,heavy,iOS,Instagram,1,1,0,0,0,none,0
101469,2026-08-13,before,new,PC,Direct,1,1,1,0,0,none,0
101470,2026-08-13,before,light,iOS,X,1,0,0,0,0,none,0
101471,2026-08-13,before,heavy,Android,Google,1,1,0,0,0,none,0
101472,2026-08-13,before,new,Android,Google,1,1,0,0,0,none,0
101473,2026-08-13,before,light,iOS,Google,1,1,1,0,0,none,0
101474,2026-08-13,before,light,Android,Google,1,1,1,1,1,none,3080
101475,2026-08-13,before,heavy,Android,Instagram,1,1,1,1,1,none,11802
101476,2026-08-13,before,heavy,Android,Direct,1,1,1,0,0,none,0
101477,2026-08-13,before,light,PC,Instagram,1,1,0,0,0,none,0
101478,2026-08-13,before,new,iOS,Instagram,1,1,0,0,0,none,0
101479,2026-08-13,before,new,Android,Direct,1,1,0,0,0,none,0
101480,2026-08-13,before,new,Android,Google,1,1,0,0,0,none,0
101481,2026-08-13,before,light,iOS,Google,1,1,0,0,0,none,0
101482,2026-08-13,before,light,iOS,X,1,1,0,0,0,payment_api_error,0
101483,2026-08-13,before,heavy,Android,Instagram,1,1,0,0,0,none,0
101484,2026-08-13,before,new,Android,Instagram,1,1,1,1,1,none,4982
101485,2026-08-13,before,light,iOS,Google,1,0,0,0,0,none,0
101486,2026-08-13,before,new,PC,X,1,1,1,1,1,none,4385
101487,2026-08-13,before,light,PC,Google,1,1,1,1,1,none,3530
101488,2026-08-13,before,light,Android,Google,1,1,1,0,0,none,0
101489,2026-08-13,before,new,PC,Google,1,1,0,0,0,none,0
101490,2026-08-13,before,new,Android,Instagram,1,0,0,0,0,none,0
101491,2026-08-13,before,light,iOS,Google,1,1,0,0,0,none,0
101492,2026-08-13,before,new,iOS,Direct,1,0,0,0,0,none,0
101493,2026-08-13,before,light,Android,Instagram,1,0,0,0,0,none,0
101494,2026-08-13,before,new,Android,Direct,1,0,0,0,0,none,0
101495,2026-08-13,before,new,iOS,Google,1,0,0,0,0,none,0
101496,2026-08-13,before,light,iOS,Google,1,1,0,0,0,none,0
101497,2026-08-13,before,light,Android,Instagram,1,1,1,1,1,none,7194
101498,2026-08-13,before,light,iOS,Direct,1,1,1,1,1,none,5166
101499,2026-08-13,before,new,PC,Google,1,1,0,0,0,none,0
101500,2026-08-13,before,light,Android,Google,1,0,0,0,0,none,0
101501,2026-08-13,before,heavy,Android,Instagram,1,1,1,0,0,none,0
101502,2026-08-13,before,new,Android,Google,1,1,0,0,0,none,0
101503,2026-08-13,before,new,Android,Google,1,1,1,0,0,none,0
101504,2026-08-13,before,new,PC,X,1,1,0,0,0,none,0
101505,2026-08-13,before,new,iOS,Google,1,0,0,0,0,none,0
101506,2026-08-13,before,new,Android,X,1,1,0,0,0,none,0
101507,2026-08-13,before,light,Android,Direct,1,1,1,0,0,none,0
101508,2026-08-13,before,new,iOS,Google,1,1,0,0,0,none,0
101509,2026-08-13,before,light,iOS,Google,1,0,0,0,0,none,0
101510,2026-08-13,before,new,iOS,Google,1,1,1,1,1,none,3046
101511,2026-08-13,before,light,PC,Direct,1,1,1,1,0,none,0
101512,2026-08-13,before,light,iOS,Direct,1,1,0,0,0,none,0
101513,2026-08-13,before,heavy,iOS,Google,1,0,0,0,0,none,0
101514,2026-08-13,before,new,iOS,Direct,1,0,0,0,0,none,0
101515,2026-08-13,before,new,iOS,Direct,1,1,0,0,0,none,0
101516,2026-08-13,before,light,iOS,Google,1,1,0,0,0,none,0
101517,2026-08-13,before,light,Android,Direct,1,1,1,1,1,none,7741
101518,2026-08-13,before,new,PC,Direct,1,1,0,0,0,none,0
101519,2026-08-13,before,new,iOS,Direct,1,1,1,1,1,none,7632
101520,2026-08-13,before,new,PC,Instagram,1,1,1,1,1,none,4345
101521,2026-08-13,before,new,iOS,Direct,1,1,0,0,0,none,0
101522,2026-08-13,before,light,PC,Instagram,1,1,1,1,1,none,8132
101523,2026-08-13,before,new,iOS,Direct,1,1,1,1,1,none,3248
101524,2026-08-13,before,new,Android,Instagram,1,0,0,0,0,none,0
101525,2026-08-13,before,new,iOS,X,1,0,0,0,0,none,0
101526,2026-08-13,before,light,iOS,Instagram,1,1,1,1,1,none,8961
101527,2026-08-13,before,light,Android,Instagram,1,0,0,0,0,none,0
101528,2026-08-13,before,heavy,Android,Google,1,1,1,1,1,none,10500
101529,2026-08-13,before,new,iOS,Instagram,1,0,0,0,0,none,0
101530,2026-08-13,before,new,Android,X,1,0,0,0,0,none,0
101531,2026-08-13,before,light,iOS,Instagram,1,1,0,0,0,none,0
101532,2026-08-13,before,new,Android,X,1,0,0,0,0,none,0
101533,2026-08-13,before,heavy,iOS,X,1,0,0,0,0,none,0
101534,2026-08-13,before,new,Android,X,1,1,0,0,0,none,0
101535,2026-08-13,before,new,iOS,X,1,1,1,1,1,none,4443
101536,2026-08-13,before,new,iOS,Google,1,1,1,1,1,none,4651
101537,2026-08-13,before,new,iOS,Google,1,1,1,0,0,none,0
101538,2026-08-13,before,new,iOS,Google,1,1,1,1,1,none,4079
101539,2026-08-13,before,light,PC,Instagram,1,1,1,1,1,none,5243
101540,2026-08-13,before,light,iOS,Google,1,1,1,1,1,none,9050
101541,2026-08-13,before,light,iOS,Direct,1,1,0,0,0,none,0
101542,2026-08-13,before,light,iOS,Direct,1,1,1,0,0,none,0
101543,2026-08-13,before,light,Android,Google,1,1,1,1,1,none,1504
101544,2026-08-13,before,new,Android,Google,1,1,0,0,0,none,0
101545,2026-08-13,before,light,iOS,Instagram,1,1,1,1,1,none,5502
101546,2026-08-13,before,new,PC,Google,1,0,0,0,0,none,0
101547,2026-08-13,before,new,iOS,Instagram,1,1,1,1,0,none,0
101548,2026-08-13,before,light,PC,Instagram,1,1,1,1,0,none,0
101549,2026-08-13,before,light,iOS,X,1,1,0,0,0,none,0
101550,2026-08-13,before,light,PC,Instagram,1,1,1,1,1,none,6459
101551,2026-08-13,before,light,iOS,Google,1,1,0,0,0,none,0
101552,2026-08-13,before,light,iOS,Instagram,1,1,0,0,0,none,0
101553,2026-08-13,before,new,Android,Direct,1,0,0,0,0,none,0
101554,2026-08-13,before,heavy,iOS,Direct,1,1,0,0,0,none,0
101555,2026-08-13,before,new,PC,Instagram,1,1,1,0,0,none,0
101556,2026-08-13,before,new,Android,X,1,1,1,1,1,none,4099
101557,2026-08-13,before,light,Android,Direct,1,1,0,0,0,none,0
101558,2026-08-13,before,heavy,PC,Instagram,1,1,0,0,0,none,0
101559,2026-08-13,before,new,PC,Google,1,1,1,1,0,none,0
101560,2026-08-13,before,new,iOS,Instagram,1,1,1,1,0,none,0
101561,2026-08-14,before,light,PC,Direct,1,1,0,0,0,none,0
101562,2026-08-14,before,new,Android,Direct,1,1,0,0,0,none,0
101563,2026-08-14,before,light,iOS,Instagram,1,1,1,0,0,none,0
101564,2026-08-14,before,light,Android,Google,1,1,0,0,0,payment_api_error,0
101565,2026-08-14,before,heavy,iOS,Instagram,1,1,1,1,1,none,15496
101566,2026-08-14,before,light,iOS,Google,1,1,0,0,0,none,0
101567,2026-08-14,before,new,PC,X,1,1,1,1,1,none,3269
101568,2026-08-14,before,heavy,PC,X,1,1,0,0,0,none,0
101569,2026-08-14,before,light,Android,Direct,1,1,1,1,1,none,4241
101570,2026-08-14,before,light,Android,X,1,1,0,0,0,none,0
101571,2026-08-14,before,heavy,Android,Google,1,0,0,0,0,none,0
101572,2026-08-14,before,heavy,PC,Instagram,1,1,0,0,0,none,0
101573,2026-08-14,before,light,Android,Instagram,1,1,1,0,0,none,0
101574,2026-08-14,before,heavy,iOS,Direct,1,1,0,0,0,none,0
101575,2026-08-14,before,heavy,Android,Google,1,0,0,0,0,none,0
101576,2026-08-14,before,heavy,iOS,Instagram,1,1,0,0,0,none,0
101577,2026-08-14,before,light,iOS,X,1,1,1,1,1,none,6860
101578,2026-08-14,before,new,Android,Direct,1,0,0,0,0,none,0
101579,2026-08-14,before,new,Android,Direct,1,1,1,1,1,none,2213
101580,2026-08-14,before,light,iOS,Google,1,1,0,0,0,none,0
101581,2026-08-14,before,light,Android,Instagram,1,1,1,0,0,none,0
101582,2026-08-14,before,new,Android,Google,1,0,0,0,0,none,0
101583,2026-08-14,before,new,PC,Google,1,1,0,0,0,none,0
101584,2026-08-14,before,light,Android,Instagram,1,1,0,0,0,none,0
101585,2026-08-14,before,heavy,Android,Google,1,0,0,0,0,none,0
101586,2026-08-14,before,light,PC,Google,1,1,1,1,1,none,5077
101587,2026-08-14,before,heavy,Android,Direct,1,1,1,0,0,none,0
101588,2026-08-14,before,heavy,Android,X,1,1,0,0,0,none,0
101589,2026-08-14,before,light,iOS,Instagram,1,1,1,0,0,none,0
101590,2026-08-14,before,heavy,PC,Google,1,1,0,0,0,none,0
101591,2026-08-14,before,light,iOS,Direct,1,1,1,0,0,none,0
101592,2026-08-14,before,light,iOS,Direct,1,1,1,1,1,none,9699
101593,2026-08-14,before,light,PC,Direct,1,1,1,1,1,none,4943
101594,2026-08-14,before,new,iOS,Direct,1,1,0,0,0,none,0
101595,2026-08-14,before,new,Android,Google,1,0,0,0,0,none,0
101596,2026-08-14,before,heavy,Android,Direct,1,1,1,0,0,none,0
101597,2026-08-14,before,new,PC,Direct,1,1,1,1,0,none,0
101598,2026-08-14,before,light,Android,Direct,1,0,0,0,0,none,0
101599,2026-08-14,before,light,PC,Google,1,1,0,0,0,none,0
101600,2026-08-14,before,new,Android,X,1,1,1,0,0,none,0
101601,2026-08-14,before,new,PC,Instagram,1,1,0,0,0,none,0
101602,2026-08-14,before,new,Android,X,1,1,0,0,0,none,0
101603,2026-08-14,before,new,iOS,Instagram,1,1,0,0,0,none,0
101604,2026-08-14,before,light,Android,Instagram,1,1,1,1,1,none,8100
101605,2026-08-14,before,new,Android,Instagram,1,1,0,0,0,none,0
101606,2026-08-14,before,light,iOS,Google,1,1,1,1,1,none,5358
101607,2026-08-14,before,light,Android,Direct,1,1,1,1,1,none,8464
101608,2026-08-14,before,heavy,Android,X,1,1,1,1,1,none,14130
101609,2026-08-14,before,new,Android,X,1,1,1,1,1,none,4462
101610,2026-08-14,before,light,iOS,Direct,1,0,0,0,0,none,0
101611,2026-08-14,before,new,iOS,Instagram,1,1,1,1,1,none,6455
101612,2026-08-14,before,heavy,iOS,Direct,1,0,0,0,0,none,0
101613,2026-08-14,before,light,iOS,X,1,0,0,0,0,none,0
101614,2026-08-14,before,light,iOS,Instagram,1,1,1,1,1,none,5923
101615,2026-08-14,before,light,Android,Direct,1,1,1,0,0,none,0
101616,2026-08-14,before,new,iOS,Direct,1,1,0,0,0,none,0
101617,2026-08-14,before,heavy,Android,Direct,1,1,0,0,0,none,0
101618,2026-08-14,before,heavy,iOS,Google,1,0,0,0,0,none,0
101619,2026-08-14,before,new,iOS,Instagram,1,1,1,1,1,none,3502
101620,2026-08-14,before,light,Android,Instagram,1,0,0,0,0,none,0
101621,2026-08-14,before,light,iOS,Instagram,1,1,0,0,0,none,0
101622,2026-08-14,before,light,iOS,Direct,1,0,0,0,0,none,0
101623,2026-08-14,before,light,iOS,X,1,1,1,1,1,none,7685
101624,2026-08-14,before,new,Android,Google,1,1,1,1,1,none,4442
101625,2026-08-14,before,light,iOS,Direct,1,1,1,1,1,none,4896
101626,2026-08-14,before,light,iOS,Instagram,1,1,1,0,0,none,0
101627,2026-08-14,before,light,Android,Direct,1,1,0,0,0,none,0
101628,2026-08-14,before,light,iOS,X,1,1,1,1,0,none,0
101629,2026-08-14,before,light,iOS,Direct,1,1,0,0,0,none,0
101630,2026-08-14,before,new,Android,Instagram,1,0,0,0,0,none,0
101631,2026-08-14,before,heavy,PC,Google,1,1,1,1,1,none,15128
101632,2026-08-14,before,heavy,Android,Direct,1,1,0,0,0,none,0
101633,2026-08-14,before,heavy,iOS,Google,1,1,1,0,0,none,0
101634,2026-08-14,before,light,Android,Direct,1,1,0,0,0,none,0
101635,2026-08-14,before,light,Android,Google,1,1,0,0,0,none,0
101636,2026-08-14,before,new,Android,Instagram,1,1,0,0,0,none,0
101637,2026-08-14,before,light,PC,Google,1,0,0,0,0,none,0
101638,2026-08-14,before,new,PC,Instagram,1,1,0,0,0,none,0
101639,2026-08-14,before,heavy,PC,Instagram,1,1,0,0,0,none,0
101640,2026-08-14,before,light,PC,Google,1,1,1,0,0,none,0
101641,2026-08-14,before,new,Android,Instagram,1,1,1,1,0,none,0
101642,2026-08-14,before,heavy,iOS,Google,1,1,0,0,0,none,0
101643,2026-08-14,before,light,PC,Direct,1,0,0,0,0,none,0
101644,2026-08-14,before,new,iOS,Google,1,0,0,0,0,none,0
101645,2026-08-14,before,new,iOS,Instagram,1,1,1,1,1,none,4590
101646,2026-08-14,before,light,iOS,Google,1,0,0,0,0,none,0
101647,2026-08-14,before,new,iOS,Instagram,1,1,1,0,0,none,0
101648,2026-08-14,before,light,PC,Instagram,1,1,1,0,0,none,0
101649,2026-08-14,before,light,iOS,Direct,1,1,0,0,0,none,0
101650,2026-08-14,before,heavy,Android,X,1,1,1,0,0,none,0
101651,2026-08-14,before,heavy,Android,Instagram,1,0,0,0,0,none,0
101652,2026-08-14,before,new,Android,Google,1,1,0,0,0,none,0
101653,2026-08-14,before,new,iOS,Direct,1,1,0,0,0,none,0
101654,2026-08-14,before,light,PC,Google,1,0,0,0,0,none,0
101655,2026-08-14,before,light,Android,Instagram,1,1,1,1,0,none,0
101656,2026-08-14,before,new,iOS,Direct,1,0,0,0,0,none,0
101657,2026-08-14,before,light,iOS,Google,1,1,0,0,0,none,0
101658,2026-08-14,before,light,iOS,Google,1,1,1,0,0,none,0
101659,2026-08-14,before,new,PC,Instagram,1,1,1,1,0,none,0
101660,2026-08-14,before,new,PC,Direct,1,0,0,0,0,none,0
101661,2026-08-14,before,heavy,Android,Direct,1,0,0,0,0,none,0
101662,2026-08-14,before,light,PC,X,1,1,0,0,0,none,0
101663,2026-08-14,before,new,iOS,X,1,1,1,1,1,none,1789
101664,2026-08-14,before,new,Android,X,1,0,0,0,0,none,0
101665,2026-08-14,before,new,Android,X,1,0,0,0,0,none,0
101666,2026-08-14,before,light,Android,Direct,1,0,0,0,0,none,0
101667,2026-08-14,before,light,iOS,Instagram,1,1,1,1,1,none,11027
101668,2026-08-14,before,heavy,PC,Google,1,0,0,0,0,none,0
101669,2026-08-14,before,new,Android,Google,1,1,1,1,1,none,2506
101670,2026-08-14,before,heavy,iOS,Google,1,1,1,1,1,none,8169
101671,2026-08-14,before,heavy,PC,Google,1,1,0,0,0,none,0
101672,2026-08-14,before,new,Android,Google,1,0,0,0,0,none,0
101673,2026-08-14,before,new,iOS,Instagram,1,1,0,0,0,none,0
101674,2026-08-14,before,heavy,Android,X,1,1,0,0,0,none,0
101675,2026-08-14,before,light,PC,Direct,1,1,1,0,0,none,0
101676,2026-08-14,before,new,Android,Google,1,1,0,0,0,none,0
101677,2026-08-14,before,new,Android,Google,1,1,1,1,1,none,3168
101678,2026-08-14,before,light,PC,Google,1,0,0,0,0,none,0
101679,2026-08-14,before,light,PC,Instagram,1,1,0,0,0,none,0
101680,2026-08-14,before,light,iOS,Instagram,1,1,1,0,0,none,0
101681,2026-08-15,before,new,Android,X,1,1,1,1,1,none,5043
101682,2026-08-15,before,new,Android,Direct,1,1,0,0,0,none,0
101683,2026-08-15,before,light,iOS,Direct,1,1,0,0,0,none,0
101684,2026-08-15,before,new,Android,Instagram,1,1,1,1,0,none,0
101685,2026-08-15,before,heavy,PC,Google,1,1,1,0,0,none,0
101686,2026-08-15,before,new,iOS,Google,1,1,1,1,0,none,0
101687,2026-08-15,before,light,Android,Direct,1,1,1,1,1,none,5897
101688,2026-08-15,before,light,PC,Google,1,1,1,1,1,none,7786
101689,2026-08-15,before,light,Android,Google,1,0,0,0,0,none,0
101690,2026-08-15,before,light,Android,Google,1,1,1,1,1,none,7810
101691,2026-08-15,before,new,iOS,Direct,1,1,0,0,0,none,0
101692,2026-08-15,before,new,iOS,Instagram,1,1,1,0,0,none,0
101693,2026-08-15,before,new,Android,Google,1,1,1,1,0,none,0
101694,2026-08-15,before,light,PC,Direct,1,0,0,0,0,none,0
101695,2026-08-15,before,light,iOS,Google,1,1,1,1,1,none,9383
101696,2026-08-15,before,light,iOS,Instagram,1,0,0,0,0,none,0
101697,2026-08-15,before,light,iOS,Instagram,1,1,1,0,0,none,0
101698,2026-08-15,before,heavy,PC,Google,1,1,1,1,1,none,10603
101699,2026-08-15,before,new,iOS,X,1,1,0,0,0,none,0
101700,2026-08-15,before,light,Android,Google,1,1,0,0,0,none,0
101701,2026-08-15,before,light,Android,Google,1,1,0,0,0,none,0
101702,2026-08-15,before,new,Android,Direct,1,1,1,1,1,none,1852
101703,2026-08-15,before,light,PC,Instagram,1,1,1,0,0,none,0
101704,2026-08-15,before,new,PC,Direct,1,0,0,0,0,none,0
101705,2026-08-15,before,light,Android,X,1,0,0,0,0,none,0
101706,2026-08-15,before,light,Android,X,1,1,0,0,0,none,0
101707,2026-08-15,before,new,PC,Direct,1,1,1,1,1,none,1927
101708,2026-08-15,before,light,PC,Direct,1,1,1,1,1,timeout_error,6016
101709,2026-08-15,before,new,iOS,Direct,1,1,1,1,1,none,4239
101710,2026-08-15,before,new,Android,Direct,1,0,0,0,0,none,0
101711,2026-08-15,before,new,iOS,Direct,1,0,0,0,0,timeout_error,0
101712,2026-08-15,before,new,Android,Instagram,1,1,1,1,1,none,3013
101713,2026-08-15,before,new,iOS,Google,1,1,0,0,0,none,0
101714,2026-08-15,before,new,PC,Google,1,1,1,1,1,none,4434
101715,2026-08-15,before,light,iOS,X,1,1,1,0,0,none,0
101716,2026-08-15,before,light,Android,Direct,1,1,1,1,1,none,3191
101717,2026-08-15,before,new,PC,Instagram,1,1,0,0,0,none,0
101718,2026-08-15,before,heavy,PC,Instagram,1,1,1,1,1,none,10352
101719,2026-08-15,before,new,Android,X,1,0,0,0,0,none,0
101720,2026-08-15,before,heavy,PC,Google,1,0,0,0,0,none,0
101721,2026-08-15,before,light,Android,Google,1,1,0,0,0,none,0
101722,2026-08-15,before,light,Android,Direct,1,1,0,0,0,none,0
101723,2026-08-15,before,new,iOS,Instagram,1,1,0,0,0,none,0
101724,2026-08-15,before,light,Android,Direct,1,1,0,0,0,none,0
101725,2026-08-15,before,new,iOS,Direct,1,1,1,0,0,none,0
101726,2026-08-15,before,heavy,PC,Instagram,1,1,0,0,0,none,0
101727,2026-08-15,before,light,PC,Instagram,1,1,1,1,1,none,6996
101728,2026-08-15,before,light,Android,X,1,1,1,1,0,none,0
101729,2026-08-15,before,light,PC,Direct,1,0,0,0,0,none,0
101730,2026-08-15,before,heavy,iOS,Instagram,1,1,1,0,0,none,0
101731,2026-08-15,before,new,Android,Direct,1,0,0,0,0,none,0
101732,2026-08-15,before,light,Android,X,1,1,1,1,0,none,0
101733,2026-08-15,before,heavy,iOS,Google,1,1,1,1,1,none,8181
101734,2026-08-15,before,new,PC,Direct,1,0,0,0,0,none,0
101735,2026-08-15,before,new,iOS,Google,1,1,0,0,0,none,0
101736,2026-08-15,before,new,iOS,Google,1,1,1,1,1,none,6290
101737,2026-08-15,before,new,iOS,Google,1,1,0,0,0,none,0
101738,2026-08-15,before,light,Android,Direct,1,1,0,0,0,none,0
101739,2026-08-15,before,heavy,Android,Google,1,1,1,1,1,none,6372
101740,2026-08-15,before,new,iOS,X,1,1,1,0,0,none,0
101741,2026-08-15,before,light,PC,Google,1,1,1,0,0,none,0
101742,2026-08-15,before,new,PC,Direct,1,1,1,1,0,none,0
101743,2026-08-15,before,new,PC,Google,1,1,1,1,1,none,3461
101744,2026-08-15,before,new,iOS,Google,1,1,0,0,0,none,0
101745,2026-08-15,before,light,PC,Direct,1,1,1,1,1,none,5804
101746,2026-08-15,before,new,iOS,Google,1,1,0,0,0,none,0
101747,2026-08-15,before,new,Android,Direct,1,1,0,0,0,none,0
101748,2026-08-15,before,new,PC,Google,1,1,0,0,0,none,0
101749,2026-08-15,before,heavy,Android,Google,1,1,0,0,0,none,0
101750,2026-08-15,before,new,iOS,Direct,1,0,0,0,0,none,0
101751,2026-08-15,before,heavy,Android,Google,1,0,0,0,0,none,0
101752,2026-08-15,before,new,Android,Direct,1,1,1,0,0,none,0
101753,2026-08-15,before,new,Android,X,1,1,0,0,0,none,0
101754,2026-08-15,before,light,Android,Google,1,0,0,0,0,none,0
101755,2026-08-15,before,light,Android,Direct,1,0,0,0,0,none,0
101756,2026-08-15,before,light,iOS,Google,1,1,0,0,0,none,0
101757,2026-08-15,before,heavy,iOS,Google,1,0,0,0,0,none,0
101758,2026-08-15,before,light,Android,X,1,1,1,1,1,none,5764
101759,2026-08-15,before,heavy,PC,Google,1,1,0,0,0,none,0
101760,2026-08-15,before,new,PC,Direct,1,1,1,0,0,none,0
101761,2026-08-15,before,light,iOS,Google,1,1,1,1,1,none,4757
101762,2026-08-15,before,light,Android,Instagram,1,1,0,0,0,none,0
101763,2026-08-15,before,light,PC,Direct,1,0,0,0,0,none,0
101764,2026-08-15,before,heavy,iOS,Instagram,1,1,0,0,0,none,0
101765,2026-08-15,before,light,iOS,Instagram,1,1,1,0,0,none,0
101766,2026-08-15,before,light,Android,Instagram,1,1,1,1,1,none,5605
101767,2026-08-15,before,light,Android,Google,1,1,0,0,0,none,0
101768,2026-08-15,before,light,iOS,X,1,1,1,0,0,none,0
101769,2026-08-15,before,light,Android,Direct,1,1,0,0,0,none,0
101770,2026-08-15,before,new,Android,Instagram,1,0,0,0,0,none,0
101771,2026-08-15,before,light,PC,Google,1,1,1,1,0,none,0
101772,2026-08-15,before,new,iOS,Google,1,1,0,0,0,none,0
101773,2026-08-15,before,light,iOS,X,1,1,0,0,0,none,0
101774,2026-08-15,before,light,iOS,Direct,1,0,0,0,0,none,0
101775,2026-08-15,before,light,iOS,Google,1,1,0,0,0,none,0
101776,2026-08-15,before,new,Android,Google,1,1,0,0,0,none,0
101777,2026-08-15,before,light,PC,Direct,1,1,1,1,1,none,2895
101778,2026-08-15,before,new,iOS,Instagram,1,1,1,0,0,none,0
101779,2026-08-15,before,light,iOS,Google,1,0,0,0,0,none,0
101780,2026-08-15,before,light,PC,X,1,1,1,0,0,none,0
101781,2026-08-15,before,new,iOS,Google,1,1,0,0,0,none,0
101782,2026-08-15,before,light,iOS,Direct,1,1,0,0,0,none,0
101783,2026-08-15,before,new,iOS,Direct,1,0,0,0,0,none,0
101784,2026-08-15,before,new,Android,Google,1,1,0,0,0,none,0
101785,2026-08-15,before,new,PC,Google,1,0,0,0,0,none,0
101786,2026-08-15,before,new,PC,X,1,1,0,0,0,none,0
101787,2026-08-15,before,light,iOS,Google,1,1,1,1,1,none,2178
101788,2026-08-15,before,new,PC,Instagram,1,1,1,1,1,none,4074
101789,2026-08-15,before,light,Android,Google,1,0,0,0,0,none,0
101790,2026-08-15,before,light,iOS,Google,1,1,0,0,0,none,0
101791,2026-08-15,before,light,PC,Direct,1,1,0,0,0,none,0
101792,2026-08-15,before,light,Android,X,1,1,1,1,1,none,7358
101793,2026-08-15,before,light,iOS,Google,1,0,0,0,0,none,0
101794,2026-08-15,before,light,Android,Instagram,1,1,1,1,1,none,5622
101795,2026-08-15,before,new,iOS,Instagram,1,1,0,0,0,none,0
101796,2026-08-15,before,new,PC,Direct,1,0,0,0,0,none,0
101797,2026-08-15,before,light,PC,Google,1,1,0,0,0,none,0
101798,2026-08-15,before,new,PC,Google,1,0,0,0,0,none,0
101799,2026-08-15,before,light,PC,Google,1,1,0,0,0,payment_api_error,0
101800,2026-08-15,before,new,iOS,Google,1,1,1,1,1,none,5253
101801,2026-08-16,after,light,PC,Instagram,1,1,1,0,0,none,0
101802,2026-08-16,after,light,iOS,X,1,0,0,0,0,none,0
101803,2026-08-16,after,new,iOS,Instagram,1,1,0,0,0,none,0
101804,2026-08-16,after,heavy,iOS,Direct,1,1,1,0,0,none,0
101805,2026-08-16,after,light,iOS,Google,1,1,1,0,0,none,0
101806,2026-08-16,after,new,iOS,Instagram,1,1,0,0,0,none,0
101807,2026-08-16,after,new,PC,Google,1,0,0,0,0,none,0
101808,2026-08-16,after,light,Android,Google,1,1,0,0,0,none,0
101809,2026-08-16,after,new,iOS,Direct,1,0,0,0,0,none,0
101810,2026-08-16,after,new,Android,Direct,1,0,0,0,0,none,0
101811,2026-08-16,after,light,Android,Google,1,1,0,0,0,none,0
101812,2026-08-16,after,light,iOS,Instagram,1,0,0,0,0,none,0
101813,2026-08-16,after,new,iOS,X,1,1,1,0,0,none,0
101814,2026-08-16,after,light,Android,Google,1,1,1,1,0,none,0
101815,2026-08-16,after,new,iOS,Google,1,1,0,0,0,none,0
101816,2026-08-16,after,light,Android,Direct,1,0,0,0,0,none,0
101817,2026-08-16,after,new,Android,Google,1,1,1,1,1,none,4924
101818,2026-08-16,after,heavy,PC,Direct,1,1,1,1,1,none,5693
101819,2026-08-16,after,light,PC,Google,1,1,1,0,0,none,0
101820,2026-08-16,after,light,iOS,Google,1,1,1,1,1,none,5760
101821,2026-08-16,after,light,Android,Instagram,1,1,1,1,1,none,10281
101822,2026-08-16,after,new,iOS,X,1,0,0,0,0,none,0
101823,2026-08-16,after,new,iOS,Google,1,0,0,0,0,none,0
101824,2026-08-16,after,new,Android,Instagram,1,1,1,1,0,timeout_error,0
101825,2026-08-16,after,light,iOS,Direct,1,1,0,0,0,none,0
101826,2026-08-16,after,new,Android,Google,1,1,0,0,0,none,0
101827,2026-08-16,after,new,Android,Instagram,1,0,0,0,0,none,0
101828,2026-08-16,after,new,Android,X,1,0,0,0,0,none,0
101829,2026-08-16,after,new,iOS,Google,1,0,0,0,0,none,0
101830,2026-08-16,after,light,PC,Direct,1,1,1,1,1,none,9063
101831,2026-08-16,after,heavy,Android,Instagram,1,0,0,0,0,none,0
101832,2026-08-16,after,light,PC,Google,1,1,1,0,0,none,0
101833,2026-08-16,after,new,PC,X,1,1,0,0,0,none,0
101834,2026-08-16,after,light,PC,Direct,1,1,1,0,0,none,0
101835,2026-08-16,after,light,Android,Google,1,0,0,0,0,none,0
101836,2026-08-16,after,light,Android,Google,1,1,0,0,0,none,0
101837,2026-08-16,after,light,Android,Google,1,1,1,1,1,none,8893
101838,2026-08-16,after,light,iOS,Google,1,1,1,0,0,none,0
101839,2026-08-16,after,new,iOS,X,1,1,1,1,0,none,0
101840,2026-08-16,after,heavy,iOS,Google,1,1,1,1,1,none,9367
101841,2026-08-16,after,new,iOS,Google,1,1,0,0,0,none,0
101842,2026-08-16,after,light,iOS,Google,1,1,1,0,0,none,0
101843,2026-08-16,after,new,Android,Instagram,1,1,0,0,0,none,0
101844,2026-08-16,after,light,Android,Instagram,1,0,0,0,0,none,0
101845,2026-08-16,after,light,Android,Google,1,0,0,0,0,none,0
101846,2026-08-16,after,light,Android,Google,1,0,0,0,0,none,0
101847,2026-08-16,after,light,Android,Google,1,1,0,0,0,none,0
101848,2026-08-16,after,new,Android,Instagram,1,1,1,0,0,none,0
101849,2026-08-16,after,light,PC,Direct,1,0,0,0,0,none,0
101850,2026-08-16,after,new,PC,Google,1,1,1,0,0,none,0
101851,2026-08-16,after,light,PC,Instagram,1,0,0,0,0,none,0
101852,2026-08-16,after,new,PC,Direct,1,1,1,1,1,none,4762
101853,2026-08-16,after,light,iOS,Google,1,1,1,1,1,none,6839
101854,2026-08-16,after,new,Android,Direct,1,1,0,0,0,none,0
101855,2026-08-16,after,light,Android,Instagram,1,1,1,1,0,none,0
101856,2026-08-16,after,new,iOS,X,1,1,1,1,1,none,3465
101857,2026-08-16,after,new,Android,Direct,1,1,0,0,0,none,0
101858,2026-08-16,after,new,iOS,Google,1,1,1,1,1,none,5555
101859,2026-08-16,after,light,iOS,X,1,1,0,0,0,none,0
101860,2026-08-16,after,light,Android,Google,1,1,0,0,0,none,0
101861,2026-08-16,after,new,iOS,X,1,1,1,1,1,none,3786
101862,2026-08-16,after,light,iOS,Google,1,1,0,0,0,none,0
101863,2026-08-16,after,heavy,PC,Direct,1,1,1,1,1,none,10842
101864,2026-08-16,after,light,iOS,Google,1,1,1,1,1,none,5417
101865,2026-08-16,after,light,Android,Direct,1,1,1,1,1,none,3880
101866,2026-08-16,after,new,Android,Google,1,0,0,0,0,none,0
101867,2026-08-16,after,new,Android,Instagram,1,1,1,1,1,none,6292
101868,2026-08-16,after,light,PC,Direct,1,1,1,1,1,none,10180
101869,2026-08-16,after,heavy,iOS,X,1,1,0,0,0,none,0
101870,2026-08-16,after,light,PC,X,1,1,1,1,1,none,6046
101871,2026-08-16,after,light,PC,Google,1,1,0,0,0,none,0
101872,2026-08-16,after,heavy,iOS,Direct,1,0,0,0,0,none,0
101873,2026-08-16,after,new,iOS,Direct,1,1,0,0,0,none,0
101874,2026-08-16,after,heavy,Android,Direct,1,1,1,0,0,none,0
101875,2026-08-16,after,light,PC,Google,1,0,0,0,0,none,0
101876,2026-08-16,after,new,Android,Instagram,1,1,1,0,0,none,0
101877,2026-08-16,after,new,PC,X,1,0,0,0,0,none,0
101878,2026-08-16,after,light,PC,Google,1,0,0,0,0,none,0
101879,2026-08-16,after,light,PC,Google,1,1,0,0,0,none,0
101880,2026-08-16,after,new,PC,Instagram,1,1,1,0,0,none,0
101881,2026-08-16,after,light,Android,X,1,0,0,0,0,none,0
101882,2026-08-16,after,light,PC,Google,1,1,0,0,0,none,0
101883,2026-08-16,after,light,Android,Instagram,1,1,0,0,0,none,0
101884,2026-08-16,after,new,Android,Google,1,1,1,1,0,timeout_error,0
101885,2026-08-16,after,heavy,PC,Google,1,0,0,0,0,none,0
101886,2026-08-16,after,heavy,iOS,Direct,1,1,1,1,1,none,8487
101887,2026-08-16,after,new,Android,Direct,1,0,0,0,0,none,0
101888,2026-08-16,after,heavy,iOS,X,1,0,0,0,0,none,0
101889,2026-08-16,after,new,Android,Google,1,1,0,0,0,none,0
101890,2026-08-16,after,light,iOS,Direct,1,1,0,0,0,none,0
101891,2026-08-16,after,light,PC,X,1,0,0,0,0,none,0
101892,2026-08-16,after,new,PC,Google,1,1,1,1,1,none,5806
101893,2026-08-16,after,light,PC,Google,1,1,1,1,1,none,4987
101894,2026-08-16,after,new,iOS,X,1,0,0,0,0,none,0
101895,2026-08-16,after,new,iOS,Direct,1,1,1,1,1,none,4416
101896,2026-08-16,after,new,iOS,Instagram,1,0,0,0,0,none,0
101897,2026-08-16,after,new,Android,Google,1,1,1,1,0,timeout_error,0
101898,2026-08-16,after,heavy,Android,Direct,1,1,1,1,1,none,10265
101899,2026-08-16,after,new,Android,Direct,1,1,1,1,0,timeout_error,0
101900,2026-08-16,after,new,PC,X,1,1,0,0,0,timeout_error,0
101901,2026-08-16,after,heavy,Android,Google,1,1,0,0,0,none,0
101902,2026-08-16,after,light,iOS,Google,1,0,0,0,0,none,0
101903,2026-08-16,after,light,iOS,Instagram,1,1,0,0,0,none,0
101904,2026-08-16,after,new,PC,Google,1,1,1,1,1,none,4568
101905,2026-08-16,after,new,Android,Google,1,1,0,0,0,none,0
101906,2026-08-16,after,light,Android,Google,1,1,1,0,0,none,0
101907,2026-08-16,after,light,Android,Google,1,0,0,0,0,none,0
101908,2026-08-16,after,new,iOS,Instagram,1,1,1,0,0,none,0
101909,2026-08-16,after,new,Android,Direct,1,0,0,0,0,none,0
101910,2026-08-16,after,new,iOS,Direct,1,1,1,1,0,none,0
101911,2026-08-16,after,new,iOS,Google,1,0,0,0,0,none,0
101912,2026-08-16,after,light,PC,Google,1,1,0,0,0,none,0
101913,2026-08-16,after,light,iOS,Google,1,1,0,0,0,none,0
101914,2026-08-16,after,new,iOS,Direct,1,1,0,0,0,none,0
101915,2026-08-16,after,heavy,PC,Direct,1,0,0,0,0,none,0
101916,2026-08-16,after,new,Android,Google,1,1,1,1,0,timeout_error,0
101917,2026-08-16,after,light,PC,X,1,1,1,1,0,none,0
101918,2026-08-16,after,new,PC,Google,1,1,1,0,0,none,0
101919,2026-08-16,after,new,iOS,Direct,1,1,0,0,0,none,0
101920,2026-08-16,after,new,Android,X,1,1,0,0,0,none,0
101921,2026-08-17,after,new,PC,Instagram,1,1,1,1,1,none,2947
101922,2026-08-17,after,heavy,iOS,Instagram,1,1,1,0,0,none,0
101923,2026-08-17,after,new,PC,Google,1,1,0,0,0,none,0
101924,2026-08-17,after,light,iOS,Direct,1,1,1,1,0,none,0
101925,2026-08-17,after,light,PC,Google,1,1,0,0,0,none,0
101926,2026-08-17,after,new,iOS,X,1,1,1,1,1,none,3621
101927,2026-08-17,after,light,iOS,Google,1,1,1,1,1,none,6103
101928,2026-08-17,after,light,Android,Google,1,1,1,1,1,none,1136
101929,2026-08-17,after,heavy,PC,X,1,1,0,0,0,none,0
101930,2026-08-17,after,new,PC,Direct,1,1,1,1,1,none,3310
101931,2026-08-17,after,light,iOS,Direct,1,1,1,1,1,none,6745
101932,2026-08-17,after,light,PC,X,1,1,0,0,0,none,0
101933,2026-08-17,after,light,PC,Direct,1,0,0,0,0,none,0
101934,2026-08-17,after,new,Android,Google,1,1,1,1,1,none,3863
101935,2026-08-17,after,light,iOS,Instagram,1,1,1,1,0,none,0
101936,2026-08-17,after,light,iOS,Instagram,1,1,0,0,0,none,0
101937,2026-08-17,after,new,iOS,Instagram,1,0,0,0,0,none,0
101938,2026-08-17,after,heavy,Android,X,1,1,0,0,0,none,0
101939,2026-08-17,after,light,iOS,Instagram,1,1,1,1,1,none,6968
101940,2026-08-17,after,light,iOS,Instagram,1,1,1,0,0,none,0
101941,2026-08-17,after,light,Android,Instagram,1,1,1,1,1,none,7207
101942,2026-08-17,after,light,PC,Direct,1,1,0,0,0,none,0
101943,2026-08-17,after,new,iOS,Direct,1,1,0,0,0,none,0
101944,2026-08-17,after,new,PC,X,1,1,1,1,1,none,3709
101945,2026-08-17,after,light,PC,Google,1,1,1,1,1,none,7163
101946,2026-08-17,after,new,Android,X,1,1,1,0,0,none,0
101947,2026-08-17,after,new,Android,Instagram,1,1,0,0,0,none,0
101948,2026-08-17,after,light,Android,Direct,1,1,0,0,0,none,0
101949,2026-08-17,after,new,iOS,Google,1,0,0,0,0,none,0
101950,2026-08-17,after,new,Android,Google,1,0,0,0,0,none,0
101951,2026-08-17,after,heavy,Android,Instagram,1,1,0,0,0,none,0
101952,2026-08-17,after,new,PC,Instagram,1,1,0,0,0,none,0
101953,2026-08-17,after,light,Android,Google,1,1,0,0,0,none,0
101954,2026-08-17,after,light,Android,Google,1,1,1,1,1,none,5666
101955,2026-08-17,after,light,iOS,Google,1,1,1,1,1,none,6824
101956,2026-08-17,after,new,Android,Direct,1,1,1,1,1,none,5129
101957,2026-08-17,after,new,Android,Direct,1,1,1,1,1,none,4573
101958,2026-08-17,after,heavy,Android,Direct,1,1,0,0,0,none,0
101959,2026-08-17,after,new,Android,Google,1,1,1,0,0,none,0
101960,2026-08-17,after,light,iOS,Google,1,1,1,1,1,none,4989
101961,2026-08-17,after,light,iOS,Instagram,1,0,0,0,0,none,0
101962,2026-08-17,after,heavy,PC,Direct,1,1,1,1,1,none,6816
101963,2026-08-17,after,light,PC,Google,1,1,1,1,0,none,0
101964,2026-08-17,after,new,PC,X,1,1,1,1,1,none,5371
101965,2026-08-17,after,light,PC,Instagram,1,1,0,0,0,none,0
101966,2026-08-17,after,new,iOS,Google,1,1,1,1,1,none,5670
101967,2026-08-17,after,light,Android,Direct,1,1,1,1,1,none,5610
101968,2026-08-17,after,new,PC,Google,1,1,1,1,1,none,2444
101969,2026-08-17,after,heavy,iOS,Google,1,0,0,0,0,none,0
101970,2026-08-17,after,light,Android,Google,1,1,1,1,1,none,7797
101971,2026-08-17,after,light,iOS,Instagram,1,0,0,0,0,none,0
101972,2026-08-17,after,heavy,iOS,Direct,1,1,1,0,0,none,0
101973,2026-08-17,after,light,iOS,Direct,1,1,0,0,0,none,0
101974,2026-08-17,after,heavy,Android,Google,1,1,0,0,0,none,0
101975,2026-08-17,after,light,Android,Instagram,1,1,1,1,1,none,4490
101976,2026-08-17,after,light,PC,X,1,1,1,1,1,none,7482
101977,2026-08-17,after,new,Android,Direct,1,1,1,0,0,none,0
101978,2026-08-17,after,light,Android,Instagram,1,0,0,0,0,none,0
101979,2026-08-17,after,new,Android,X,1,1,1,1,0,timeout_error,0
101980,2026-08-17,after,light,iOS,Direct,1,1,0,0,0,none,0
101981,2026-08-17,after,light,Android,Google,1,0,0,0,0,none,0
101982,2026-08-17,after,light,Android,Google,1,1,1,1,0,none,0
101983,2026-08-17,after,new,iOS,Instagram,1,0,0,0,0,none,0
101984,2026-08-17,after,light,iOS,Instagram,1,1,0,0,0,none,0
101985,2026-08-17,after,light,PC,Instagram,1,1,1,0,0,none,0
101986,2026-08-17,after,light,iOS,X,1,1,1,1,0,none,0
101987,2026-08-17,after,light,Android,Direct,1,1,1,1,1,none,4088
101988,2026-08-17,after,new,iOS,Instagram,1,0,0,0,0,none,0
101989,2026-08-17,after,light,iOS,Google,1,1,1,1,1,none,5027
101990,2026-08-17,after,heavy,PC,X,1,1,1,1,1,none,7818
101991,2026-08-17,after,light,iOS,Instagram,1,1,1,0,0,none,0
101992,2026-08-17,after,new,iOS,Direct,1,1,0,0,0,none,0
101993,2026-08-17,after,light,Android,Google,1,1,1,1,0,none,0
101994,2026-08-17,after,new,iOS,Google,1,1,1,0,0,none,0
101995,2026-08-17,after,new,iOS,Instagram,1,1,1,1,1,none,1922
101996,2026-08-17,after,new,iOS,Google,1,1,0,0,0,none,0
101997,2026-08-17,after,new,PC,Google,1,1,1,0,0,none,0
101998,2026-08-17,after,light,iOS,Instagram,1,1,0,0,0,none,0
101999,2026-08-17,after,light,iOS,Direct,1,1,1,1,0,none,0
102000,2026-08-17,after,new,PC,Direct,1,1,1,0,0,none,0
102001,2026-08-17,after,new,Android,Google,1,1,1,1,1,none,4421
102002,2026-08-17,after,new,iOS,X,1,1,0,0,0,none,0
102003,2026-08-17,after,light,Android,Google,1,0,0,0,0,none,0
102004,2026-08-17,after,light,Android,Instagram,1,1,1,1,1,none,5497
102005,2026-08-17,after,new,iOS,Direct,1,1,1,1,1,none,6426
102006,2026-08-17,after,light,PC,X,1,1,0,0,0,none,0
102007,2026-08-17,after,heavy,iOS,Google,1,1,0,0,0,none,0
102008,2026-08-17,after,new,Android,Instagram,1,1,0,0,0,none,0
102009,2026-08-17,after,new,Android,Direct,1,1,1,1,1,none,4267
102010,2026-08-17,after,new,PC,Instagram,1,1,1,1,0,none,0
102011,2026-08-17,after,light,Android,Google,1,1,0,0,0,none,0
102012,2026-08-17,after,light,Android,Instagram,1,1,1,0,0,none,0
102013,2026-08-17,after,heavy,Android,Instagram,1,1,0,0,0,none,0
102014,2026-08-17,after,heavy,Android,Direct,1,1,0,0,0,none,0
102015,2026-08-17,after,heavy,Android,Google,1,1,0,0,0,none,0
102016,2026-08-17,after,heavy,PC,Direct,1,1,1,1,0,none,0
102017,2026-08-17,after,new,Android,Instagram,1,1,1,1,1,none,4139
102018,2026-08-17,after,heavy,Android,Instagram,1,1,1,1,1,none,6890
102019,2026-08-17,after,light,Android,Direct,1,1,1,1,1,none,7612
102020,2026-08-17,after,light,iOS,Direct,1,1,1,0,0,none,0
102021,2026-08-17,after,light,Android,Google,1,1,0,0,0,none,0
102022,2026-08-17,after,light,iOS,Instagram,1,1,1,0,0,none,0
102023,2026-08-17,after,heavy,PC,Direct,1,1,1,1,0,none,0
102024,2026-08-17,after,new,iOS,Google,1,1,1,1,1,none,3707
102025,2026-08-17,after,new,Android,Google,1,1,1,0,0,none,0
102026,2026-08-17,after,new,PC,Instagram,1,1,1,1,1,none,1826
102027,2026-08-17,after,light,iOS,X,1,1,0,0,0,none,0
102028,2026-08-17,after,light,Android,Google,1,1,0,0,0,none,0
102029,2026-08-17,after,heavy,Android,Direct,1,1,1,1,1,none,6082
102030,2026-08-17,after,light,PC,Instagram,1,0,0,0,0,none,0
102031,2026-08-17,after,heavy,PC,Instagram,1,1,1,1,1,none,16066
102032,2026-08-17,after,light,Android,Instagram,1,1,1,1,1,none,7337
102033,2026-08-17,after,light,iOS,Direct,1,1,1,1,1,none,8153
102034,2026-08-17,after,new,Android,Direct,1,1,0,0,0,none,0
102035,2026-08-17,after,new,iOS,Instagram,1,1,1,1,1,none,3372
102036,2026-08-17,after,light,iOS,Google,1,1,0,0,0,none,0
102037,2026-08-17,after,light,iOS,Google,1,1,0,0,0,none,0
102038,2026-08-17,after,light,Android,Direct,1,1,0,0,0,none,0
102039,2026-08-17,after,new,Android,X,1,1,0,0,0,none,0
102040,2026-08-17,after,light,iOS,X,1,0,0,0,0,none,0
102041,2026-08-18,after,light,iOS,X,1,1,1,1,1,none,1307
102042,2026-08-18,after,light,PC,Google,1,1,1,1,1,none,5520
102043,2026-08-18,after,heavy,PC,X,1,0,0,0,0,none,0
102044,2026-08-18,after,light,PC,Google,1,1,1,1,1,none,6253
102045,2026-08-18,after,light,PC,X,1,1,0,0,0,none,0
102046,2026-08-18,after,heavy,Android,Google,1,1,0,0,0,none,0
102047,2026-08-18,after,new,Android,Direct,1,1,1,1,0,timeout_error,0
102048,2026-08-18,after,light,iOS,X,1,1,0,0,0,none,0
102049,2026-08-18,after,light,Android,Direct,1,1,0,0,0,none,0
102050,2026-08-18,after,heavy,PC,Google,1,1,1,0,0,none,0
102051,2026-08-18,after,light,Android,Google,1,1,1,1,1,none,2845
102052,2026-08-18,after,heavy,Android,Instagram,1,1,1,1,1,none,11548
102053,2026-08-18,after,new,Android,Instagram,1,1,1,0,0,none,0
102054,2026-08-18,after,new,Android,Instagram,1,1,0,0,0,none,0
102055,2026-08-18,after,light,Android,Google,1,1,1,1,1,none,9035
102056,2026-08-18,after,light,iOS,X,1,1,1,1,1,none,6608
102057,2026-08-18,after,heavy,PC,Instagram,1,1,1,1,1,none,8313
102058,2026-08-18,after,light,Android,Google,1,1,0,0,0,none,0
102059,2026-08-18,after,new,PC,Google,1,1,1,1,0,none,0
102060,2026-08-18,after,new,Android,X,1,1,1,1,0,payment_api_error,0
102061,2026-08-18,after,new,Android,X,1,1,0,0,0,none,0
102062,2026-08-18,after,new,iOS,X,1,1,0,0,0,none,0
102063,2026-08-18,after,light,iOS,Google,1,0,0,0,0,none,0
102064,2026-08-18,after,new,iOS,Google,1,1,0,0,0,none,0
102065,2026-08-18,after,light,iOS,Direct,1,1,1,1,1,none,6274
102066,2026-08-18,after,new,PC,Google,1,1,0,0,0,none,0
102067,2026-08-18,after,light,iOS,Google,1,1,1,1,1,none,5049
102068,2026-08-18,after,new,Android,Google,1,1,0,0,0,none,0
102069,2026-08-18,after,light,iOS,Instagram,1,0,0,0,0,none,0
102070,2026-08-18,after,light,PC,Direct,1,1,0,0,0,none,0
102071,2026-08-18,after,light,Android,X,1,0,0,0,0,none,0
102072,2026-08-18,after,light,PC,Direct,1,1,1,1,0,none,0
102073,2026-08-18,after,light,Android,Google,1,1,1,0,0,none,0
102074,2026-08-18,after,heavy,PC,Google,1,1,1,1,1,none,14727
102075,2026-08-18,after,new,iOS,Instagram,1,0,0,0,0,none,0
102076,2026-08-18,after,light,PC,Instagram,1,0,0,0,0,none,0
102077,2026-08-18,after,heavy,Android,Google,1,1,1,1,1,none,10367
102078,2026-08-18,after,light,Android,X,1,1,1,1,1,none,8201
102079,2026-08-18,after,heavy,Android,Google,1,0,0,0,0,none,0
102080,2026-08-18,after,new,iOS,X,1,1,1,1,1,none,5420
102081,2026-08-18,after,new,Android,Instagram,1,1,1,1,0,timeout_error,0
102082,2026-08-18,after,heavy,PC,Google,1,0,0,0,0,none,0
102083,2026-08-18,after,light,PC,Direct,1,1,0,0,0,none,0
102084,2026-08-18,after,light,iOS,Google,1,0,0,0,0,none,0
102085,2026-08-18,after,new,Android,Google,1,1,0,0,0,none,0
102086,2026-08-18,after,light,Android,Google,1,1,1,1,1,none,5070
102087,2026-08-18,after,light,Android,X,1,1,1,0,0,none,0
102088,2026-08-18,after,new,PC,Google,1,1,0,0,0,none,0
102089,2026-08-18,after,light,PC,Instagram,1,1,1,0,0,none,0
102090,2026-08-18,after,new,iOS,Google,1,1,0,0,0,none,0
102091,2026-08-18,after,heavy,PC,Google,1,1,0,0,0,none,0
102092,2026-08-18,after,new,PC,Direct,1,0,0,0,0,none,0
102093,2026-08-18,after,heavy,iOS,Google,1,1,1,1,0,none,0
102094,2026-08-18,after,light,iOS,Google,1,0,0,0,0,none,0
102095,2026-08-18,after,new,Android,Google,1,1,1,1,0,payment_api_error,0
102096,2026-08-18,after,light,Android,Google,1,1,1,1,1,none,8135
102097,2026-08-18,after,light,Android,Google,1,0,0,0,0,none,0
102098,2026-08-18,after,new,iOS,Instagram,1,0,0,0,0,none,0
102099,2026-08-18,after,new,Android,Direct,1,0,0,0,0,none,0
102100,2026-08-18,after,new,PC,Direct,1,1,1,1,1,none,2494
102101,2026-08-18,after,new,PC,Google,1,1,1,1,1,none,4761
102102,2026-08-18,after,new,Android,Direct,1,1,1,0,0,none,0
102103,2026-08-18,after,light,iOS,Google,1,1,0,0,0,none,0
102104,2026-08-18,after,light,PC,Google,1,0,0,0,0,none,0
102105,2026-08-18,after,new,PC,Direct,1,1,1,0,0,none,0
102106,2026-08-18,after,light,Android,Instagram,1,1,1,1,1,none,4398
102107,2026-08-18,after,light,Android,Google,1,0,0,0,0,none,0
102108,2026-08-18,after,light,iOS,Google,1,1,1,0,0,none,0
102109,2026-08-18,after,light,Android,Google,1,1,0,0,0,none,0
102110,2026-08-18,after,light,PC,Google,1,1,1,1,1,none,7243
102111,2026-08-18,after,heavy,Android,X,1,1,1,0,0,none,0
102112,2026-08-18,after,light,iOS,Instagram,1,1,1,0,0,none,0
102113,2026-08-18,after,light,PC,Google,1,1,1,1,1,none,3264
102114,2026-08-18,after,new,Android,Direct,1,0,0,0,0,none,0
102115,2026-08-18,after,light,Android,X,1,1,1,1,1,none,6731
102116,2026-08-18,after,heavy,PC,X,1,1,1,1,1,none,9932
102117,2026-08-18,after,heavy,iOS,Instagram,1,1,0,0,0,none,0
102118,2026-08-18,after,light,PC,X,1,1,1,0,0,none,0
102119,2026-08-18,after,new,iOS,X,1,1,1,0,0,none,0
102120,2026-08-18,after,light,iOS,Instagram,1,1,0,0,0,none,0
102121,2026-08-18,after,light,iOS,Instagram,1,1,0,0,0,none,0
102122,2026-08-18,after,new,iOS,Direct,1,1,0,0,0,none,0
102123,2026-08-18,after,heavy,iOS,Direct,1,0,0,0,0,none,0
102124,2026-08-18,after,light,Android,Instagram,1,1,1,1,1,none,2851
102125,2026-08-18,after,new,Android,X,1,1,1,1,0,timeout_error,0
102126,2026-08-18,after,heavy,iOS,Direct,1,0,0,0,0,none,0
102127,2026-08-18,after,light,PC,Direct,1,1,1,0,0,none,0
102128,2026-08-18,after,light,iOS,Google,1,1,1,1,1,none,6629
102129,2026-08-18,after,light,Android,Instagram,1,1,1,0,0,none,0
102130,2026-08-18,after,new,iOS,Direct,1,1,0,0,0,none,0
102131,2026-08-18,after,light,PC,Instagram,1,1,1,1,1,none,6753
102132,2026-08-18,after,light,iOS,Direct,1,1,1,1,1,none,6030
102133,2026-08-18,after,new,iOS,Direct,1,1,0,0,0,none,0
102134,2026-08-18,after,heavy,iOS,Google,1,1,0,0,0,none,0
102135,2026-08-18,after,light,PC,Google,1,1,0,0,0,none,0
102136,2026-08-18,after,light,Android,Google,1,1,0,0,0,none,0
102137,2026-08-18,after,new,iOS,Instagram,1,1,0,0,0,none,0
102138,2026-08-18,after,new,iOS,X,1,0,0,0,0,none,0
102139,2026-08-18,after,light,Android,X,1,1,1,0,0,none,0
102140,2026-08-18,after,heavy,PC,Google,1,1,1,1,1,none,8263
102141,2026-08-18,after,light,PC,Direct,1,1,1,1,0,none,0
102142,2026-08-18,after,light,Android,X,1,1,1,0,0,none,0
102143,2026-08-18,after,new,iOS,Instagram,1,1,1,1,1,none,4679
102144,2026-08-18,after,heavy,iOS,Google,1,1,1,1,1,none,15812
102145,2026-08-18,after,light,Android,Direct,1,1,0,0,0,none,0
102146,2026-08-18,after,heavy,iOS,Google,1,1,0,0,0,none,0
102147,2026-08-18,after,light,iOS,Google,1,1,1,1,1,none,7023
102148,2026-08-18,after,light,iOS,X,1,1,0,0,0,none,0
102149,2026-08-18,after,heavy,iOS,X,1,0,0,0,0,none,0
102150,2026-08-18,after,light,iOS,Direct,1,1,1,1,1,none,8580
102151,2026-08-18,after,new,Android,Instagram,1,1,0,0,0,none,0
102152,2026-08-18,after,light,iOS,Direct,1,1,0,0,0,none,0
102153,2026-08-18,after,light,Android,X,1,1,1,0,0,none,0
102154,2026-08-18,after,light,iOS,Google,1,1,1,0,0,none,0
102155,2026-08-18,after,new,iOS,X,1,0,0,0,0,none,0
102156,2026-08-18,after,new,Android,X,1,0,0,0,0,none,0
102157,2026-08-18,after,heavy,iOS,X,1,0,0,0,0,none,0
102158,2026-08-18,after,light,Android,Direct,1,1,0,0,0,none,0
102159,2026-08-18,after,light,Android,Instagram,1,1,1,0,0,none,0
102160,2026-08-18,after,new,Android,Direct,1,1,1,1,0,timeout_error,0
102161,2026-08-19,after,new,Android,Instagram,1,1,1,0,0,none,0
102162,2026-08-19,after,light,Android,Google,1,0,0,0,0,none,0
102163,2026-08-19,after,new,PC,Google,1,1,0,0,0,payment_api_error,0
102164,2026-08-19,after,light,PC,Direct,1,1,1,1,1,none,6689
102165,2026-08-19,after,new,PC,Direct,1,1,1,1,0,none,0
102166,2026-08-19,after,light,Android,Google,1,0,0,0,0,none,0
102167,2026-08-19,after,heavy,Android,Direct,1,1,1,1,1,none,6996
102168,2026-08-19,after,heavy,Android,X,1,1,0,0,0,none,0
102169,2026-08-19,after,light,iOS,Direct,1,1,0,0,0,none,0
102170,2026-08-19,after,heavy,Android,Instagram,1,1,0,0,0,none,0
102171,2026-08-19,after,light,Android,Google,1,0,0,0,0,none,0
102172,2026-08-19,after,light,PC,Direct,1,1,1,1,0,none,0
102173,2026-08-19,after,light,Android,X,1,0,0,0,0,none,0
102174,2026-08-19,after,new,Android,Google,1,1,1,1,0,none,0
102175,2026-08-19,after,light,PC,X,1,1,0,0,0,none,0
102176,2026-08-19,after,heavy,iOS,Instagram,1,1,1,1,1,none,10658
102177,2026-08-19,after,light,PC,Google,1,1,1,1,0,none,0
102178,2026-08-19,after,light,PC,X,1,0,0,0,0,none,0
102179,2026-08-19,after,light,iOS,Instagram,1,1,0,0,0,none,0
102180,2026-08-19,after,light,Android,X,1,1,1,1,0,none,0
102181,2026-08-19,after,light,iOS,Instagram,1,1,0,0,0,none,0
102182,2026-08-19,after,light,PC,Instagram,1,1,0,0,0,none,0
102183,2026-08-19,after,light,Android,Direct,1,1,0,0,0,none,0
102184,2026-08-19,after,new,iOS,Google,1,1,0,0,0,none,0
102185,2026-08-19,after,new,iOS,Direct,1,1,0,0,0,none,0
102186,2026-08-19,after,light,iOS,Google,1,1,1,1,1,none,6069
102187,2026-08-19,after,new,iOS,Direct,1,1,0,0,0,none,0
102188,2026-08-19,after,light,Android,X,1,1,1,0,0,none,0
102189,2026-08-19,after,heavy,iOS,Google,1,1,0,0,0,none,0
102190,2026-08-19,after,new,Android,Direct,1,1,1,1,0,none,0
102191,2026-08-19,after,light,Android,Direct,1,1,0,0,0,none,0
102192,2026-08-19,after,new,PC,Google,1,0,0,0,0,none,0
102193,2026-08-19,after,light,Android,Instagram,1,1,0,0,0,none,0
102194,2026-08-19,after,light,iOS,Direct,1,1,0,0,0,timeout_error,0
102195,2026-08-19,after,light,iOS,Direct,1,1,0,0,0,none,0
102196,2026-08-19,after,light,Android,Direct,1,1,1,1,1,none,7390
102197,2026-08-19,after,new,iOS,Instagram,1,0,0,0,0,none,0
102198,2026-08-19,after,light,iOS,Instagram,1,0,0,0,0,none,0
102199,2026-08-19,after,new,Android,Direct,1,1,1,1,0,timeout_error,0
102200,2026-08-19,after,light,Android,Google,1,1,0,0,0,none,0
102201,2026-08-19,after,light,Android,Google,1,0,0,0,0,none,0
102202,2026-08-19,after,light,Android,Google,1,1,1,1,0,none,0
102203,2026-08-19,after,heavy,iOS,Google,1,1,1,0,0,none,0
102204,2026-08-19,after,heavy,iOS,Direct,1,1,0,0,0,none,0
102205,2026-08-19,after,new,iOS,Google,1,1,0,0,0,none,0
102206,2026-08-19,after,new,Android,X,1,0,0,0,0,none,0
102207,2026-08-19,after,new,PC,Direct,1,1,1,0,0,none,0
102208,2026-08-19,after,new,iOS,Google,1,1,1,0,0,none,0
102209,2026-08-19,after,light,PC,X,1,1,0,0,0,none,0
102210,2026-08-19,after,new,iOS,Google,1,1,0,0,0,none,0
102211,2026-08-19,after,new,Android,Direct,1,1,1,0,0,none,0
102212,2026-08-19,after,new,Android,X,1,1,1,0,0,none,0
102213,2026-08-19,after,light,Android,Instagram,1,0,0,0,0,none,0
102214,2026-08-19,after,light,iOS,Instagram,1,1,1,1,0,none,0
102215,2026-08-19,after,light,PC,Direct,1,1,0,0,0,none,0
102216,2026-08-19,after,light,iOS,X,1,1,0,0,0,none,0
102217,2026-08-19,after,light,Android,X,1,1,1,1,1,none,6516
102218,2026-08-19,after,new,iOS,X,1,1,1,0,0,none,0
102219,2026-08-19,after,new,Android,Google,1,0,0,0,0,none,0
102220,2026-08-19,after,heavy,Android,Google,1,0,0,0,0,none,0
102221,2026-08-19,after,new,Android,Google,1,0,0,0,0,none,0
102222,2026-08-19,after,heavy,Android,Instagram,1,1,0,0,0,none,0
102223,2026-08-19,after,light,iOS,Google,1,1,0,0,0,none,0
102224,2026-08-19,after,new,iOS,Google,1,1,1,0,0,none,0
102225,2026-08-19,after,light,iOS,Instagram,1,1,1,1,1,none,7390
102226,2026-08-19,after,light,iOS,Google,1,1,1,1,1,none,5478
102227,2026-08-19,after,light,PC,Instagram,1,1,0,0,0,none,0
102228,2026-08-19,after,light,iOS,Direct,1,1,0,0,0,none,0
102229,2026-08-19,after,new,Android,Direct,1,1,1,1,1,none,4147
102230,2026-08-19,after,new,iOS,Google,1,1,1,1,0,none,0
102231,2026-08-19,after,light,iOS,Direct,1,1,1,1,1,none,6500
102232,2026-08-19,after,new,Android,Google,1,0,0,0,0,none,0
102233,2026-08-19,after,light,iOS,Instagram,1,1,1,0,0,none,0
102234,2026-08-19,after,light,iOS,Google,1,1,1,1,1,none,5653
102235,2026-08-19,after,light,iOS,Google,1,1,1,1,0,none,0
102236,2026-08-19,after,heavy,PC,Instagram,1,0,0,0,0,none,0
102237,2026-08-19,after,light,Android,Instagram,1,1,0,0,0,none,0
102238,2026-08-19,after,light,iOS,Instagram,1,0,0,0,0,none,0
102239,2026-08-19,after,light,iOS,Google,1,1,1,1,1,none,8035
102240,2026-08-19,after,light,iOS,X,1,1,0,0,0,none,0
102241,2026-08-19,after,new,Android,Instagram,1,1,1,1,0,payment_api_error,0
102242,2026-08-19,after,new,PC,X,1,1,1,1,1,none,2904
102243,2026-08-19,after,light,PC,Direct,1,1,0,0,0,none,0
102244,2026-08-19,after,new,PC,X,1,1,1,1,0,none,0
102245,2026-08-19,after,light,iOS,Direct,1,1,1,1,0,none,0
102246,2026-08-19,after,light,Android,Direct,1,1,0,0,0,none,0
102247,2026-08-19,after,light,PC,Instagram,1,1,0,0,0,none,0
102248,2026-08-19,after,light,Android,X,1,1,1,1,0,none,0
102249,2026-08-19,after,light,Android,Google,1,1,1,0,0,none,0
102250,2026-08-19,after,heavy,Android,Instagram,1,1,1,1,1,none,11619
102251,2026-08-19,after,heavy,Android,Google,1,1,0,0,0,none,0
102252,2026-08-19,after,light,PC,Direct,1,0,0,0,0,none,0
102253,2026-08-19,after,heavy,Android,Direct,1,1,0,0,0,none,0
102254,2026-08-19,after,light,PC,Instagram,1,1,0,0,0,none,0
102255,2026-08-19,after,new,iOS,X,1,1,0,0,0,none,0
102256,2026-08-19,after,heavy,iOS,Direct,1,0,0,0,0,none,0
102257,2026-08-19,after,light,Android,Instagram,1,1,0,0,0,none,0
102258,2026-08-19,after,light,iOS,Google,1,0,0,0,0,none,0
102259,2026-08-19,after,light,PC,Direct,1,1,0,0,0,none,0
102260,2026-08-19,after,new,Android,Google,1,1,1,1,0,timeout_error,0
102261,2026-08-19,after,light,Android,Instagram,1,1,1,1,1,none,4588
102262,2026-08-19,after,new,Android,Instagram,1,1,1,1,1,none,4535
102263,2026-08-19,after,new,PC,Direct,1,1,1,1,1,none,4962
102264,2026-08-19,after,new,Android,Google,1,1,1,1,0,timeout_error,0
102265,2026-08-19,after,new,iOS,Google,1,0,0,0,0,none,0
102266,2026-08-19,after,light,iOS,Instagram,1,1,1,0,0,none,0
102267,2026-08-19,after,light,PC,Instagram,1,1,1,1,1,none,7124
102268,2026-08-19,after,new,Android,Instagram,1,1,0,0,0,none,0
102269,2026-08-19,after,new,Android,Google,1,1,0,0,0,none,0
102270,2026-08-19,after,new,Android,Direct,1,1,1,1,0,payment_api_error,0
102271,2026-08-19,after,heavy,iOS,Google,1,1,1,1,1,none,20163
102272,2026-08-19,after,new,iOS,Google,1,1,1,1,0,none,0
102273,2026-08-19,after,heavy,PC,Direct,1,1,1,1,1,none,8025
102274,2026-08-19,after,new,PC,Instagram,1,0,0,0,0,none,0
102275,2026-08-19,after,light,Android,Google,1,1,1,1,1,none,4670
102276,2026-08-19,after,light,iOS,Google,1,1,0,0,0,none,0
102277,2026-08-19,after,light,Android,Direct,1,0,0,0,0,none,0
102278,2026-08-19,after,heavy,iOS,Instagram,1,1,0,0,0,none,0
102279,2026-08-19,after,new,Android,Google,1,1,1,1,1,none,5003
102280,2026-08-19,after,light,iOS,Google,1,1,1,1,1,none,5260
102281,2026-08-20,after,light,iOS,Direct,1,1,1,1,1,payment_api_error,9529
102282,2026-08-20,after,light,PC,Google,1,0,0,0,0,none,0
102283,2026-08-20,after,light,Android,Direct,1,1,1,1,1,none,4367
102284,2026-08-20,after,light,iOS,Direct,1,1,1,1,1,none,6914
102285,2026-08-20,after,new,iOS,Google,1,0,0,0,0,none,0
102286,2026-08-20,after,new,Android,Instagram,1,1,0,0,0,none,0
102287,2026-08-20,after,new,iOS,Google,1,1,1,0,0,none,0
102288,2026-08-20,after,new,Android,Google,1,1,1,0,0,none,0
102289,2026-08-20,after,new,Android,Google,1,1,0,0,0,none,0
102290,2026-08-20,after,light,Android,Google,1,1,1,1,1,none,4960
102291,2026-08-20,after,light,iOS,Direct,1,1,1,0,0,none,0
102292,2026-08-20,after,new,Android,Instagram,1,0,0,0,0,none,0
102293,2026-08-20,after,light,Android,Instagram,1,1,0,0,0,none,0
102294,2026-08-20,after,light,iOS,Direct,1,1,0,0,0,none,0
102295,2026-08-20,after,light,iOS,Direct,1,1,0,0,0,none,0
102296,2026-08-20,after,new,Android,Google,1,1,1,1,1,none,3344
102297,2026-08-20,after,light,PC,Direct,1,1,0,0,0,none,0
102298,2026-08-20,after,new,Android,Google,1,1,1,1,0,payment_api_error,0
102299,2026-08-20,after,new,Android,Instagram,1,1,1,1,0,timeout_error,0
102300,2026-08-20,after,light,Android,Direct,1,1,0,0,0,none,0
102301,2026-08-20,after,new,iOS,Google,1,1,1,0,0,none,0
102302,2026-08-20,after,new,iOS,Google,1,1,0,0,0,none,0
102303,2026-08-20,after,new,iOS,Google,1,1,1,0,0,none,0
102304,2026-08-20,after,heavy,iOS,Google,1,1,0,0,0,none,0
102305,2026-08-20,after,heavy,Android,Google,1,1,1,0,0,none,0
102306,2026-08-20,after,light,Android,Google,1,1,1,1,1,none,4755
102307,2026-08-20,after,new,PC,Direct,1,1,1,0,0,none,0
102308,2026-08-20,after,light,Android,Direct,1,0,0,0,0,none,0
102309,2026-08-20,after,light,iOS,Direct,1,1,0,0,0,none,0
102310,2026-08-20,after,new,iOS,Direct,1,0,0,0,0,payment_api_error,0
102311,2026-08-20,after,light,Android,Direct,1,1,0,0,0,none,0
102312,2026-08-20,after,light,PC,X,1,1,0,0,0,none,0
102313,2026-08-20,after,light,Android,Direct,1,1,1,1,1,none,5888
102314,2026-08-20,after,light,PC,Google,1,0,0,0,0,none,0
102315,2026-08-20,after,new,iOS,X,1,1,1,1,0,none,0
102316,2026-08-20,after,new,PC,Google,1,1,0,0,0,none,0
102317,2026-08-20,after,heavy,iOS,Direct,1,1,1,1,1,none,11352
102318,2026-08-20,after,light,iOS,Google,1,0,0,0,0,none,0
102319,2026-08-20,after,new,Android,Google,1,0,0,0,0,timeout_error,0
102320,2026-08-20,after,light,iOS,Instagram,1,0,0,0,0,none,0
102321,2026-08-20,after,heavy,Android,X,1,1,1,1,1,none,5531
102322,2026-08-20,after,heavy,iOS,Google,1,0,0,0,0,none,0
102323,2026-08-20,after,light,Android,X,1,0,0,0,0,none,0
102324,2026-08-20,after,light,Android,Google,1,1,0,0,0,none,0
102325,2026-08-20,after,light,Android,Google,1,1,0,0,0,none,0
102326,2026-08-20,after,heavy,PC,Direct,1,1,1,0,0,none,0
102327,2026-08-20,after,light,Android,Google,1,0,0,0,0,none,0
102328,2026-08-20,after,light,iOS,Direct,1,1,1,0,0,none,0
102329,2026-08-20,after,light,Android,X,1,1,0,0,0,none,0
102330,2026-08-20,after,light,Android,X,1,1,0,0,0,none,0
102331,2026-08-20,after,new,PC,X,1,0,0,0,0,none,0
102332,2026-08-20,after,light,Android,Google,1,1,0,0,0,none,0
102333,2026-08-20,after,new,Android,Instagram,1,1,1,1,0,timeout_error,0
102334,2026-08-20,after,light,iOS,X,1,1,0,0,0,none,0
102335,2026-08-20,after,light,iOS,Direct,1,0,0,0,0,none,0
102336,2026-08-20,after,new,iOS,X,1,1,1,0,0,none,0
102337,2026-08-20,after,light,iOS,Instagram,1,1,1,0,0,none,0
102338,2026-08-20,after,new,Android,Direct,1,1,1,1,1,none,3561
102339,2026-08-20,after,new,Android,X,1,1,0,0,0,none,0
102340,2026-08-20,after,light,iOS,Direct,1,1,1,1,0,none,0
102341,2026-08-20,after,new,Android,X,1,1,0,0,0,none,0
102342,2026-08-20,after,heavy,iOS,Google,1,1,0,0,0,none,0
102343,2026-08-20,after,light,iOS,X,1,0,0,0,0,none,0
102344,2026-08-20,after,heavy,Android,Direct,1,0,0,0,0,none,0
102345,2026-08-20,after,heavy,Android,Google,1,1,0,0,0,none,0
102346,2026-08-20,after,heavy,iOS,Direct,1,0,0,0,0,none,0
102347,2026-08-20,after,new,iOS,Instagram,1,1,1,1,1,none,4915
102348,2026-08-20,after,heavy,iOS,Instagram,1,1,1,1,1,none,15095
102349,2026-08-20,after,heavy,Android,Direct,1,1,1,1,1,none,2298
102350,2026-08-20,after,light,Android,Direct,1,1,0,0,0,none,0
102351,2026-08-20,after,new,PC,Direct,1,1,1,1,1,none,5866
102352,2026-08-20,after,light,PC,X,1,0,0,0,0,none,0
102353,2026-08-20,after,heavy,Android,Direct,1,0,0,0,0,none,0
102354,2026-08-20,after,new,Android,Direct,1,0,0,0,0,none,0
102355,2026-08-20,after,light,Android,Direct,1,0,0,0,0,none,0
102356,2026-08-20,after,light,Android,Instagram,1,1,0,0,0,none,0
102357,2026-08-20,after,light,Android,Direct,1,1,0,0,0,none,0
102358,2026-08-20,after,light,iOS,Google,1,0,0,0,0,none,0
102359,2026-08-20,after,light,Android,Direct,1,1,1,1,0,none,0
102360,2026-08-20,after,new,iOS,Google,1,0,0,0,0,none,0
102361,2026-08-20,after,heavy,Android,Direct,1,0,0,0,0,none,0
102362,2026-08-20,after,heavy,iOS,Google,1,1,1,1,1,none,16706
102363,2026-08-20,after,heavy,Android,Google,1,1,1,1,1,none,7963
102364,2026-08-20,after,light,Android,Google,1,1,0,0,0,none,0
102365,2026-08-20,after,light,iOS,X,1,0,0,0,0,none,0
102366,2026-08-20,after,heavy,PC,Direct,1,1,1,0,0,none,0
102367,2026-08-20,after,light,Android,X,1,0,0,0,0,none,0
102368,2026-08-20,after,new,iOS,Instagram,1,1,0,0,0,none,0
102369,2026-08-20,after,heavy,PC,Google,1,1,0,0,0,none,0
102370,2026-08-20,after,heavy,Android,Direct,1,0,0,0,0,none,0
102371,2026-08-20,after,light,iOS,Google,1,1,0,0,0,none,0
102372,2026-08-20,after,new,Android,Google,1,0,0,0,0,none,0
102373,2026-08-20,after,light,PC,Direct,1,1,0,0,0,none,0
102374,2026-08-20,after,heavy,Android,Direct,1,1,0,0,0,none,0
102375,2026-08-20,after,light,Android,Google,1,1,1,0,0,none,0
102376,2026-08-20,after,light,iOS,Direct,1,1,0,0,0,none,0
102377,2026-08-20,after,heavy,iOS,Instagram,1,1,1,1,0,none,0
102378,2026-08-20,after,new,iOS,Instagram,1,1,1,1,1,none,4765
102379,2026-08-20,after,new,iOS,Google,1,1,1,0,0,none,0
102380,2026-08-20,after,new,Android,Direct,1,1,0,0,0,none,0
102381,2026-08-20,after,light,Android,Google,1,1,1,0,0,none,0
102382,2026-08-20,after,heavy,Android,Google,1,1,1,1,1,none,9281
102383,2026-08-20,after,light,iOS,Direct,1,1,1,1,1,none,5926
102384,2026-08-20,after,light,Android,X,1,0,0,0,0,none,0
102385,2026-08-20,after,new,Android,X,1,1,1,1,0,payment_api_error,0
102386,2026-08-20,after,new,PC,Google,1,1,0,0,0,none,0
102387,2026-08-20,after,light,Android,Google,1,1,1,0,0,none,0
102388,2026-08-20,after,light,Android,Google,1,1,1,1,1,none,3206
102389,2026-08-20,after,new,iOS,Direct,1,0,0,0,0,none,0
102390,2026-08-20,after,new,iOS,Google,1,1,1,1,1,none,4100
102391,2026-08-20,after,light,Android,Google,1,0,0,0,0,none,0
102392,2026-08-20,after,new,PC,Instagram,1,1,1,0,0,none,0
102393,2026-08-20,after,light,Android,Instagram,1,1,1,1,1,none,7314
102394,2026-08-20,after,new,Android,Google,1,0,0,0,0,none,0
102395,2026-08-20,after,light,PC,Direct,1,1,1,1,0,none,0
102396,2026-08-20,after,new,Android,Instagram,1,1,1,0,0,none,0
102397,2026-08-20,after,light,Android,X,1,1,1,1,1,none,7230
102398,2026-08-20,after,light,iOS,Instagram,1,1,0,0,0,none,0
102399,2026-08-20,after,new,PC,Google,1,1,0,0,0,none,0
102400,2026-08-20,after,new,iOS,X,1,1,1,1,1,none,2576
102401,2026-08-21,after,light,PC,Direct,1,1,1,1,1,none,7138
102402,2026-08-21,after,new,iOS,Instagram,1,1,0,0,0,none,0
102403,2026-08-21,after,new,Android,Direct,1,1,1,1,1,none,3147
102404,2026-08-21,after,heavy,iOS,Google,1,1,1,0,0,none,0
102405,2026-08-21,after,heavy,Android,Instagram,1,0,0,0,0,none,0
102406,2026-08-21,after,new,PC,Instagram,1,1,1,0,0,none,0
102407,2026-08-21,after,light,Android,X,1,1,0,0,0,none,0
102408,2026-08-21,after,new,iOS,X,1,1,1,1,0,none,0
102409,2026-08-21,after,new,PC,Google,1,0,0,0,0,none,0
102410,2026-08-21,after,new,iOS,Instagram,1,1,1,1,1,none,2942
102411,2026-08-21,after,light,iOS,Instagram,1,1,1,0,0,none,0
102412,2026-08-21,after,light,Android,Instagram,1,0,0,0,0,none,0
102413,2026-08-21,after,new,Android,Direct,1,1,1,1,0,none,0
102414,2026-08-21,after,new,iOS,Google,1,1,0,0,0,none,0
102415,2026-08-21,after,light,PC,Instagram,1,0,0,0,0,none,0
102416,2026-08-21,after,new,Android,Instagram,1,1,1,1,0,none,0
102417,2026-08-21,after,light,Android,Google,1,1,0,0,0,none,0
102418,2026-08-21,after,heavy,PC,Google,1,1,1,1,1,none,9211
102419,2026-08-21,after,light,Android,Google,1,1,0,0,0,timeout_error,0
102420,2026-08-21,after,heavy,Android,Direct,1,1,0,0,0,none,0
102421,2026-08-21,after,new,Android,Instagram,1,0,0,0,0,none,0
102422,2026-08-21,after,light,Android,Google,1,1,1,1,0,none,0
102423,2026-08-21,after,light,iOS,Instagram,1,1,1,0,0,none,0
102424,2026-08-21,after,light,Android,Instagram,1,1,0,0,0,none,0
102425,2026-08-21,after,new,iOS,Direct,1,0,0,0,0,none,0
102426,2026-08-21,after,light,Android,Instagram,1,1,0,0,0,none,0
102427,2026-08-21,after,light,iOS,Instagram,1,1,1,1,1,none,7024
102428,2026-08-21,after,light,Android,Instagram,1,1,1,1,1,none,6114
102429,2026-08-21,after,light,Android,Google,1,1,0,0,0,none,0
102430,2026-08-21,after,new,iOS,Google,1,0,0,0,0,none,0
102431,2026-08-21,after,new,iOS,Google,1,1,1,1,1,none,3511
102432,2026-08-21,after,heavy,Android,Instagram,1,1,1,0,0,none,0
102433,2026-08-21,after,light,Android,Instagram,1,1,1,1,1,none,8706
102434,2026-08-21,after,new,Android,Instagram,1,1,0,0,0,none,0
102435,2026-08-21,after,light,PC,X,1,1,1,1,1,none,6259
102436,2026-08-21,after,light,PC,Google,1,1,1,1,1,none,5547
102437,2026-08-21,after,light,Android,Direct,1,1,1,1,0,none,0
102438,2026-08-21,after,heavy,PC,Direct,1,1,0,0,0,none,0
102439,2026-08-21,after,light,PC,Instagram,1,1,0,0,0,none,0
102440,2026-08-21,after,new,iOS,Google,1,1,0,0,0,none,0
102441,2026-08-21,after,new,iOS,Instagram,1,1,1,1,1,none,4934
102442,2026-08-21,after,light,PC,Direct,1,1,1,0,0,none,0
102443,2026-08-21,after,light,iOS,Direct,1,1,0,0,0,none,0
102444,2026-08-21,after,new,Android,Instagram,1,1,0,0,0,none,0
102445,2026-08-21,after,light,Android,X,1,1,1,1,1,none,2199
102446,2026-08-21,after,heavy,Android,Instagram,1,1,1,1,0,none,0
102447,2026-08-21,after,light,Android,X,1,1,0,0,0,none,0
102448,2026-08-21,after,new,PC,X,1,0,0,0,0,none,0
102449,2026-08-21,after,light,iOS,Direct,1,1,1,0,0,none,0
102450,2026-08-21,after,light,iOS,Google,1,1,0,0,0,none,0
102451,2026-08-21,after,heavy,Android,Google,1,1,0,0,0,none,0
102452,2026-08-21,after,light,iOS,Instagram,1,0,0,0,0,none,0
102453,2026-08-21,after,light,iOS,X,1,1,0,0,0,none,0
102454,2026-08-21,after,new,iOS,Google,1,1,1,1,1,none,2870
102455,2026-08-21,after,new,iOS,Google,1,1,1,1,1,none,7143
102456,2026-08-21,after,heavy,Android,Google,1,0,0,0,0,none,0
102457,2026-08-21,after,new,PC,Google,1,0,0,0,0,none,0
102458,2026-08-21,after,new,iOS,Google,1,1,1,1,1,none,1618
102459,2026-08-21,after,light,iOS,Google,1,1,0,0,0,none,0
102460,2026-08-21,after,new,Android,Instagram,1,1,0,0,0,none,0
102461,2026-08-21,after,light,Android,X,1,1,0,0,0,none,0
102462,2026-08-21,after,light,iOS,Google,1,1,1,0,0,none,0
102463,2026-08-21,after,light,Android,X,1,1,1,1,1,none,8638
102464,2026-08-21,after,new,PC,Google,1,1,0,0,0,none,0
102465,2026-08-21,after,new,iOS,Instagram,1,0,0,0,0,none,0
102466,2026-08-21,after,heavy,iOS,Google,1,1,1,1,1,none,11359
102467,2026-08-21,after,light,iOS,Instagram,1,0,0,0,0,none,0
102468,2026-08-21,after,light,iOS,X,1,1,0,0,0,none,0
102469,2026-08-21,after,new,iOS,Google,1,1,0,0,0,none,0
102470,2026-08-21,after,light,iOS,Google,1,1,0,0,0,none,0
102471,2026-08-21,after,light,iOS,X,1,0,0,0,0,none,0
102472,2026-08-21,after,light,Android,Direct,1,1,0,0,0,none,0
102473,2026-08-21,after,new,iOS,Direct,1,1,0,0,0,none,0
102474,2026-08-21,after,heavy,iOS,X,1,1,0,0,0,none,0
102475,2026-08-21,after,light,iOS,X,1,1,1,0,0,none,0
102476,2026-08-21,after,light,Android,Google,1,1,0,0,0,none,0
102477,2026-08-21,after,new,PC,Instagram,1,1,1,1,1,none,4470
102478,2026-08-21,after,new,Android,Instagram,1,1,1,1,1,none,3601
102479,2026-08-21,after,new,iOS,Google,1,1,1,1,0,none,0
102480,2026-08-21,after,heavy,Android,Direct,1,1,1,1,0,timeout_error,0
102481,2026-08-21,after,new,Android,Google,1,1,1,0,0,none,0
102482,2026-08-21,after,new,iOS,Google,1,1,0,0,0,none,0
102483,2026-08-21,after,light,Android,X,1,1,0,0,0,none,0
102484,2026-08-21,after,light,Android,Google,1,0,0,0,0,none,0
102485,2026-08-21,after,heavy,Android,Google,1,0,0,0,0,none,0
102486,2026-08-21,after,light,Android,X,1,1,1,1,1,none,7405
102487,2026-08-21,after,new,PC,Google,1,1,0,0,0,none,0
102488,2026-08-21,after,new,Android,Google,1,0,0,0,0,none,0
102489,2026-08-21,after,heavy,PC,Direct,1,0,0,0,0,none,0
102490,2026-08-21,after,new,iOS,Google,1,1,1,0,0,none,0
102491,2026-08-21,after,light,iOS,Direct,1,1,1,1,1,none,7122
102492,2026-08-21,after,new,Android,Instagram,1,0,0,0,0,none,0
102493,2026-08-21,after,new,Android,Google,1,1,1,0,0,none,0
102494,2026-08-21,after,light,Android,Direct,1,0,0,0,0,none,0
102495,2026-08-21,after,new,Android,Direct,1,1,0,0,0,none,0
102496,2026-08-21,after,light,iOS,X,1,1,1,1,1,none,6151
102497,2026-08-21,after,heavy,Android,Direct,1,1,0,0,0,none,0
102498,2026-08-21,after,light,PC,X,1,0,0,0,0,none,0
102499,2026-08-21,after,new,iOS,Google,1,1,1,1,1,none,3514
102500,2026-08-21,after,new,iOS,X,1,1,1,1,1,none,3930
102501,2026-08-21,after,heavy,Android,Google,1,1,1,0,0,none,0
102502,2026-08-21,after,new,iOS,Google,1,1,0,0,0,none,0
102503,2026-08-21,after,new,Android,Google,1,1,0,0,0,none,0
102504,2026-08-21,after,new,Android,Direct,1,1,0,0,0,none,0
102505,2026-08-21,after,light,iOS,X,1,1,0,0,0,none,0
102506,2026-08-21,after,light,iOS,Google,1,1,0,0,0,none,0
102507,2026-08-21,after,heavy,Android,X,1,1,0,0,0,none,0
102508,2026-08-21,after,new,PC,Instagram,1,1,1,1,1,none,4521
102509,2026-08-21,after,light,PC,Google,1,1,0,0,0,none,0
102510,2026-08-21,after,new,Android,Instagram,1,1,1,1,0,timeout_error,0
102511,2026-08-21,after,heavy,PC,Google,1,1,0,0,0,none,0
102512,2026-08-21,after,light,iOS,X,1,1,1,0,0,none,0
102513,2026-08-21,after,new,iOS,X,1,1,0,0,0,none,0
102514,2026-08-21,after,light,iOS,Instagram,1,1,0,0,0,none,0
102515,2026-08-21,after,heavy,iOS,Google,1,0,0,0,0,none,0
102516,2026-08-21,after,heavy,PC,Google,1,1,0,0,0,none,0
102517,2026-08-21,after,new,Android,Google,1,1,0,0,0,none,0
102518,2026-08-21,after,heavy,Android,Direct,1,1,1,1,1,none,5473
102519,2026-08-21,after,light,Android,X,1,1,0,0,0,none,0
102520,2026-08-21,after,new,PC,Direct,1,0,0,0,0,none,0
102521,2026-08-22,after,light,PC,Google,1,1,1,1,1,none,4036
102522,2026-08-22,after,heavy,iOS,Instagram,1,1,0,0,0,none,0
102523,2026-08-22,after,light,iOS,Direct,1,1,0,0,0,none,0
102524,2026-08-22,after,light,iOS,Google,1,1,0,0,0,none,0
102525,2026-08-22,after,new,Android,X,1,1,0,0,0,none,0
102526,2026-08-22,after,new,iOS,Google,1,1,0,0,0,none,0
102527,2026-08-22,after,light,PC,Direct,1,0,0,0,0,none,0
102528,2026-08-22,after,new,PC,Google,1,1,1,1,1,none,4265
102529,2026-08-22,after,new,iOS,Google,1,1,0,0,0,none,0
102530,2026-08-22,after,light,iOS,Instagram,1,0,0,0,0,none,0
102531,2026-08-22,after,light,iOS,Google,1,0,0,0,0,none,0
102532,2026-08-22,after,heavy,PC,X,1,1,0,0,0,none,0
102533,2026-08-22,after,heavy,Android,Instagram,1,1,1,1,1,none,13977
102534,2026-08-22,after,light,iOS,X,1,1,0,0,0,none,0
102535,2026-08-22,after,light,Android,Instagram,1,0,0,0,0,none,0
102536,2026-08-22,after,light,iOS,Google,1,1,1,1,1,none,3785
102537,2026-08-22,after,light,Android,X,1,1,0,0,0,none,0
102538,2026-08-22,after,new,Android,Instagram,1,1,0,0,0,none,0
102539,2026-08-22,after,light,iOS,Direct,1,0,0,0,0,none,0
102540,2026-08-22,after,light,PC,X,1,1,1,0,0,none,0
102541,2026-08-22,after,new,Android,Google,1,1,1,0,0,timeout_error,0
102542,2026-08-22,after,light,iOS,Direct,1,0,0,0,0,none,0
102543,2026-08-22,after,heavy,iOS,Direct,1,1,1,1,1,none,11957
102544,2026-08-22,after,light,Android,Instagram,1,1,0,0,0,none,0
102545,2026-08-22,after,heavy,Android,X,1,1,0,0,0,none,0
102546,2026-08-22,after,new,Android,Instagram,1,1,1,0,0,none,0
102547,2026-08-22,after,light,iOS,Google,1,1,1,1,0,none,0
102548,2026-08-22,after,new,iOS,Google,1,1,0,0,0,none,0
102549,2026-08-22,after,heavy,Android,Google,1,1,1,0,0,none,0
102550,2026-08-22,after,light,iOS,Instagram,1,1,0,0,0,none,0
102551,2026-08-22,after,heavy,PC,Google,1,1,0,0,0,none,0
102552,2026-08-22,after,new,Android,Instagram,1,1,0,0,0,none,0
102553,2026-08-22,after,light,PC,Instagram,1,1,1,1,1,none,6105
102554,2026-08-22,after,heavy,iOS,Direct,1,1,0,0,0,none,0
102555,2026-08-22,after,heavy,Android,Direct,1,1,0,0,0,none,0
102556,2026-08-22,after,light,iOS,Instagram,1,0,0,0,0,none,0
102557,2026-08-22,after,heavy,iOS,Google,1,1,1,0,0,none,0
102558,2026-08-22,after,light,Android,Direct,1,1,0,0,0,none,0
102559,2026-08-22,after,heavy,Android,Direct,1,1,1,0,0,none,0
102560,2026-08-22,after,light,iOS,Instagram,1,1,1,1,1,none,7838
102561,2026-08-22,after,new,Android,Instagram,1,0,0,0,0,none,0
102562,2026-08-22,after,new,iOS,Google,1,0,0,0,0,none,0
102563,2026-08-22,after,heavy,iOS,Google,1,0,0,0,0,none,0
102564,2026-08-22,after,new,iOS,Instagram,1,1,1,1,0,none,0
102565,2026-08-22,after,light,iOS,Direct,1,0,0,0,0,none,0
102566,2026-08-22,after,light,iOS,Instagram,1,1,0,0,0,none,0
102567,2026-08-22,after,light,iOS,Google,1,1,0,0,0,none,0
102568,2026-08-22,after,new,Android,Direct,1,1,0,0,0,none,0
102569,2026-08-22,after,light,Android,X,1,1,1,0,0,none,0
102570,2026-08-22,after,heavy,iOS,Instagram,1,1,1,1,1,none,10757
102571,2026-08-22,after,light,iOS,Instagram,1,0,0,0,0,none,0
102572,2026-08-22,after,new,PC,X,1,0,0,0,0,none,0
102573,2026-08-22,after,new,PC,Google,1,0,0,0,0,none,0
102574,2026-08-22,after,light,iOS,Instagram,1,0,0,0,0,none,0
102575,2026-08-22,after,light,Android,Direct,1,1,0,0,0,none,0
102576,2026-08-22,after,new,PC,Instagram,1,1,1,1,1,none,2935
102577,2026-08-22,after,light,Android,Google,1,1,1,1,1,none,5396
102578,2026-08-22,after,new,Android,Direct,1,1,0,0,0,none,0
102579,2026-08-22,after,heavy,iOS,Direct,1,0,0,0,0,none,0
102580,2026-08-22,after,new,Android,Google,1,1,1,1,1,none,3820
102581,2026-08-22,after,heavy,iOS,X,1,0,0,0,0,none,0
102582,2026-08-22,after,heavy,Android,Direct,1,0,0,0,0,none,0
102583,2026-08-22,after,heavy,iOS,Instagram,1,1,1,0,0,none,0
102584,2026-08-22,after,heavy,iOS,Instagram,1,1,1,0,0,none,0
102585,2026-08-22,after,light,PC,Google,1,1,1,1,1,none,4423
102586,2026-08-22,after,light,iOS,Direct,1,1,0,0,0,none,0
102587,2026-08-22,after,light,Android,Google,1,1,0,0,0,none,0
102588,2026-08-22,after,light,iOS,Direct,1,1,1,1,1,none,7065
102589,2026-08-22,after,light,Android,Direct,1,0,0,0,0,none,0
102590,2026-08-22,after,new,Android,Direct,1,1,1,1,1,none,3953
102591,2026-08-22,after,light,Android,Google,1,1,0,0,0,none,0
102592,2026-08-22,after,new,Android,Direct,1,1,1,1,0,timeout_error,0
102593,2026-08-22,after,new,iOS,Instagram,1,1,1,1,1,none,4056
102594,2026-08-22,after,light,Android,X,1,0,0,0,0,none,0
102595,2026-08-22,after,light,iOS,Instagram,1,1,1,1,0,none,0
102596,2026-08-22,after,new,iOS,Google,1,1,0,0,0,none,0
102597,2026-08-22,after,light,iOS,Instagram,1,1,1,0,0,none,0
102598,2026-08-22,after,light,Android,Direct,1,0,0,0,0,none,0
102599,2026-08-22,after,heavy,Android,Google,1,0,0,0,0,none,0
102600,2026-08-22,after,light,PC,X,1,1,1,1,1,none,6183
102601,2026-08-22,after,light,Android,Direct,1,1,1,1,1,none,8074
102602,2026-08-22,after,new,Android,Instagram,1,0,0,0,0,none,0
102603,2026-08-22,after,heavy,PC,X,1,1,0,0,0,none,0
102604,2026-08-22,after,heavy,Android,Google,1,1,1,1,1,none,12776
102605,2026-08-22,after,new,Android,Instagram,1,1,0,0,0,none,0
102606,2026-08-22,after,light,iOS,Instagram,1,1,1,1,1,none,7957
102607,2026-08-22,after,new,iOS,Direct,1,1,0,0,0,none,0
102608,2026-08-22,after,new,Android,Instagram,1,1,0,0,0,none,0
102609,2026-08-22,after,heavy,iOS,Google,1,0,0,0,0,none,0
102610,2026-08-22,after,light,Android,X,1,1,0,0,0,none,0
102611,2026-08-22,after,new,iOS,Google,1,1,1,1,0,none,0
102612,2026-08-22,after,light,Android,Instagram,1,0,0,0,0,none,0
102613,2026-08-22,after,new,Android,Direct,1,1,1,1,0,timeout_error,0
102614,2026-08-22,after,heavy,Android,X,1,1,1,0,0,none,0
102615,2026-08-22,after,light,iOS,Google,1,1,0,0,0,none,0
102616,2026-08-22,after,light,Android,Instagram,1,1,1,1,1,none,3817
102617,2026-08-22,after,new,Android,X,1,1,1,0,0,none,0
102618,2026-08-22,after,light,iOS,Direct,1,1,0,0,0,none,0
102619,2026-08-22,after,heavy,Android,Instagram,1,1,0,0,0,none,0
102620,2026-08-22,after,new,PC,Instagram,1,1,1,0,0,none,0
102621,2026-08-22,after,light,Android,Google,1,0,0,0,0,none,0
102622,2026-08-22,after,new,PC,X,1,1,1,0,0,none,0
102623,2026-08-22,after,light,PC,Google,1,0,0,0,0,none,0
102624,2026-08-22,after,new,Android,Instagram,1,1,1,0,0,none,0
102625,2026-08-22,after,new,Android,Direct,1,1,1,0,0,none,0
102626,2026-08-22,after,new,PC,Direct,1,1,1,1,1,none,4246
102627,2026-08-22,after,heavy,iOS,Google,1,1,0,0,0,payment_api_error,0
102628,2026-08-22,after,heavy,iOS,Google,1,1,0,0,0,none,0
102629,2026-08-22,after,heavy,Android,Direct,1,1,1,0,0,none,0
102630,2026-08-22,after,light,Android,Google,1,1,1,1,1,none,6863
102631,2026-08-22,after,light,iOS,Google,1,1,1,1,1,none,6678
102632,2026-08-22,after,light,Android,Google,1,1,0,0,0,none,0
102633,2026-08-22,after,heavy,Android,Instagram,1,1,1,1,1,none,8765
102634,2026-08-22,after,new,Android,X,1,0,0,0,0,none,0
102635,2026-08-22,after,light,Android,Direct,1,0,0,0,0,none,0
102636,2026-08-22,after,new,Android,Google,1,1,1,1,0,timeout_error,0
102637,2026-08-22,after,new,iOS,Direct,1,1,0,0,0,none,0
102638,2026-08-22,after,heavy,Android,Instagram,1,1,1,1,1,none,10518
102639,2026-08-22,after,new,iOS,X,1,0,0,0,0,none,0
102640,2026-08-22,after,new,iOS,Instagram,1,1,1,1,1,none,3653
102641,2026-08-23,after,new,Android,Direct,1,0,0,0,0,none,0
102642,2026-08-23,after,light,PC,Google,1,1,1,1,0,none,0
102643,2026-08-23,after,heavy,Android,Direct,1,1,0,0,0,none,0
102644,2026-08-23,after,heavy,Android,Google,1,1,1,1,1,none,8485
102645,2026-08-23,after,new,iOS,Google,1,1,0,0,0,none,0
102646,2026-08-23,after,new,Android,Instagram,1,1,1,1,1,none,6075
102647,2026-08-23,after,heavy,iOS,Direct,1,1,0,0,0,none,0
102648,2026-08-23,after,light,PC,Direct,1,1,1,1,1,none,7820
102649,2026-08-23,after,new,iOS,Instagram,1,1,0,0,0,none,0
102650,2026-08-23,after,new,iOS,Google,1,1,1,0,0,none,0
102651,2026-08-23,after,new,Android,Google,1,1,1,1,0,timeout_error,0
102652,2026-08-23,after,heavy,iOS,Google,1,0,0,0,0,none,0
102653,2026-08-23,after,heavy,iOS,Instagram,1,1,1,1,0,none,0
102654,2026-08-23,after,light,Android,X,1,0,0,0,0,none,0
102655,2026-08-23,after,light,PC,Direct,1,1,1,1,1,none,6249
102656,2026-08-23,after,light,Android,Direct,1,0,0,0,0,none,0
102657,2026-08-23,after,light,Android,Google,1,1,0,0,0,none,0
102658,2026-08-23,after,light,iOS,X,1,1,1,1,1,none,6007
102659,2026-08-23,after,new,iOS,Google,1,1,1,0,0,none,0
102660,2026-08-23,after,light,PC,Instagram,1,1,1,0,0,none,0
102661,2026-08-23,after,heavy,Android,X,1,1,0,0,0,none,0
102662,2026-08-23,after,light,Android,Direct,1,1,0,0,0,none,0
102663,2026-08-23,after,heavy,Android,X,1,1,1,1,1,none,7839
102664,2026-08-23,after,light,Android,Direct,1,1,0,0,0,none,0
102665,2026-08-23,after,light,Android,Direct,1,1,0,0,0,none,0
102666,2026-08-23,after,light,iOS,X,1,0,0,0,0,none,0
102667,2026-08-23,after,new,Android,Direct,1,1,1,1,0,timeout_error,0
102668,2026-08-23,after,new,iOS,X,1,1,0,0,0,none,0
102669,2026-08-23,after,new,iOS,Direct,1,1,1,1,0,none,0
102670,2026-08-23,after,light,iOS,Instagram,1,1,0,0,0,none,0
102671,2026-08-23,after,heavy,Android,Instagram,1,1,1,1,1,none,13478
102672,2026-08-23,after,heavy,iOS,Direct,1,1,0,0,0,none,0
102673,2026-08-23,after,heavy,PC,Direct,1,1,0,0,0,none,0
102674,2026-08-23,after,heavy,PC,Google,1,1,1,1,1,none,7519
102675,2026-08-23,after,new,iOS,Instagram,1,0,0,0,0,none,0
102676,2026-08-23,after,light,Android,Direct,1,1,1,1,1,none,5325
102677,2026-08-23,after,new,Android,Instagram,1,0,0,0,0,none,0
102678,2026-08-23,after,light,Android,Instagram,1,1,1,1,0,none,0
102679,2026-08-23,after,light,Android,Instagram,1,0,0,0,0,none,0
102680,2026-08-23,after,new,PC,Instagram,1,1,0,0,0,none,0
102681,2026-08-23,after,light,Android,Google,1,0,0,0,0,none,0
102682,2026-08-23,after,light,PC,Instagram,1,1,1,1,0,none,0
102683,2026-08-23,after,new,Android,Google,1,1,1,0,0,none,0
102684,2026-08-23,after,new,PC,X,1,1,1,1,1,none,3631
102685,2026-08-23,after,new,PC,Google,1,0,0,0,0,none,0
102686,2026-08-23,after,new,iOS,Direct,1,1,1,1,1,none,5803
102687,2026-08-23,after,light,Android,Direct,1,1,1,1,1,none,5277
102688,2026-08-23,after,new,Android,Direct,1,1,0,0,0,none,0
102689,2026-08-23,after,light,Android,Google,1,1,0,0,0,none,0
102690,2026-08-23,after,light,Android,Google,1,1,1,0,0,none,0
102691,2026-08-23,after,light,Android,Google,1,1,1,0,0,none,0
102692,2026-08-23,after,light,iOS,X,1,1,0,0,0,none,0
102693,2026-08-23,after,light,Android,Direct,1,0,0,0,0,none,0
102694,2026-08-23,after,new,iOS,Google,1,0,0,0,0,none,0
102695,2026-08-23,after,light,Android,X,1,1,1,1,1,none,7736
102696,2026-08-23,after,heavy,iOS,Direct,1,1,1,1,1,none,9627
102697,2026-08-23,after,light,Android,Direct,1,0,0,0,0,none,0
102698,2026-08-23,after,heavy,iOS,X,1,1,1,1,0,none,0
102699,2026-08-23,after,new,PC,Instagram,1,1,1,0,0,none,0
102700,2026-08-23,after,light,iOS,Direct,1,1,1,1,1,none,7740
102701,2026-08-23,after,heavy,PC,Direct,1,0,0,0,0,none,0
102702,2026-08-23,after,light,PC,Google,1,1,0,0,0,none,0
102703,2026-08-23,after,light,PC,Instagram,1,1,1,1,1,none,6162
102704,2026-08-23,after,new,Android,Google,1,1,0,0,0,none,0
102705,2026-08-23,after,heavy,iOS,Direct,1,1,1,1,0,none,0
102706,2026-08-23,after,heavy,iOS,Google,1,1,0,0,0,none,0
102707,2026-08-23,after,new,Android,Direct,1,1,1,1,0,timeout_error,0
102708,2026-08-23,after,new,PC,Direct,1,1,0,0,0,none,0
102709,2026-08-23,after,light,PC,Instagram,1,1,0,0,0,none,0
102710,2026-08-23,after,light,iOS,Direct,1,1,1,1,1,none,5816
102711,2026-08-23,after,new,Android,Google,1,0,0,0,0,none,0
102712,2026-08-23,after,light,Android,Google,1,1,1,1,1,none,8044
102713,2026-08-23,after,light,Android,Instagram,1,1,0,0,0,none,0
102714,2026-08-23,after,new,Android,Direct,1,1,1,1,0,timeout_error,0
102715,2026-08-23,after,light,iOS,Instagram,1,0,0,0,0,timeout_error,0
102716,2026-08-23,after,new,Android,Google,1,1,0,0,0,none,0
102717,2026-08-23,after,light,PC,X,1,1,0,0,0,none,0
102718,2026-08-23,after,heavy,PC,Direct,1,1,0,0,0,none,0
102719,2026-08-23,after,heavy,Android,Google,1,1,1,1,1,none,8157
102720,2026-08-23,after,new,PC,Instagram,1,1,1,1,1,none,6041
102721,2026-08-23,after,heavy,iOS,Instagram,1,1,0,0,0,none,0
102722,2026-08-23,after,new,iOS,Instagram,1,1,0,0,0,none,0
102723,2026-08-23,after,heavy,iOS,Direct,1,1,0,0,0,none,0
102724,2026-08-23,after,new,Android,Google,1,1,1,1,0,payment_api_error,0
102725,2026-08-23,after,new,Android,X,1,0,0,0,0,none,0
102726,2026-08-23,after,new,Android,Instagram,1,1,1,0,0,none,0
102727,2026-08-23,after,light,iOS,Direct,1,1,0,0,0,none,0
102728,2026-08-23,after,new,iOS,Google,1,0,0,0,0,none,0
102729,2026-08-23,after,new,Android,Instagram,1,0,0,0,0,none,0
102730,2026-08-23,after,light,iOS,Instagram,1,0,0,0,0,none,0
102731,2026-08-23,after,light,PC,Google,1,1,1,0,0,none,0
102732,2026-08-23,after,new,iOS,Direct,1,1,0,0,0,none,0
102733,2026-08-23,after,heavy,iOS,X,1,0,0,0,0,none,0
102734,2026-08-23,after,new,iOS,Instagram,1,1,1,1,1,payment_api_error,4937
102735,2026-08-23,after,light,Android,Instagram,1,1,0,0,0,none,0
102736,2026-08-23,after,new,Android,Direct,1,1,1,0,0,none,0
102737,2026-08-23,after,light,Android,Google,1,1,0,0,0,none,0
102738,2026-08-23,after,light,Android,Instagram,1,0,0,0,0,none,0
102739,2026-08-23,after,new,Android,Direct,1,1,0,0,0,none,0
102740,2026-08-23,after,heavy,Android,Direct,1,0,0,0,0,none,0
102741,2026-08-23,after,light,iOS,Google,1,1,0,0,0,none,0
102742,2026-08-23,after,heavy,iOS,Direct,1,0,0,0,0,none,0
102743,2026-08-23,after,light,PC,Google,1,0,0,0,0,none,0
102744,2026-08-23,after,light,Android,X,1,1,0,0,0,none,0
102745,2026-08-23,after,light,iOS,Direct,1,1,0,0,0,none,0
102746,2026-08-23,after,new,iOS,Instagram,1,1,1,1,1,none,5693
102747,2026-08-23,after,heavy,iOS,Instagram,1,0,0,0,0,none,0
102748,2026-08-23,after,light,Android,Google,1,1,1,1,0,none,0
102749,2026-08-23,after,new,PC,Direct,1,1,1,0,0,none,0
102750,2026-08-23,after,new,iOS,Google,1,0,0,0,0,none,0
102751,2026-08-23,after,light,Android,Google,1,1,1,0,0,none,0
102752,2026-08-23,after,new,Android,X,1,1,1,1,0,timeout_error,0
102753,2026-08-23,after,heavy,PC,Google,1,1,1,0,0,none,0
102754,2026-08-23,after,new,iOS,Instagram,1,1,1,0,0,none,0
102755,2026-08-23,after,light,iOS,Instagram,1,1,1,1,1,none,6222
102756,2026-08-23,after,light,iOS,Instagram,1,1,0,0,0,none,0
102757,2026-08-23,after,new,PC,Instagram,1,0,0,0,0,none,0
102758,2026-08-23,after,heavy,iOS,Instagram,1,1,1,1,1,none,12016
102759,2026-08-23,after,light,iOS,Direct,1,1,0,0,0,none,0
102760,2026-08-23,after,light,Android,Google,1,1,1,1,0,none,0
102761,2026-08-24,after,light,Android,X,1,0,0,0,0,none,0
102762,2026-08-24,after,light,PC,Direct,1,0,0,0,0,none,0
102763,2026-08-24,after,light,iOS,Google,1,1,1,1,1,none,9132
102764,2026-08-24,after,new,PC,Google,1,1,1,1,1,none,5045
102765,2026-08-24,after,new,Android,Instagram,1,1,0,0,0,none,0
102766,2026-08-24,after,new,iOS,Instagram,1,1,1,0,0,none,0
102767,2026-08-24,after,light,iOS,Google,1,1,0,0,0,none,0
102768,2026-08-24,after,heavy,iOS,Direct,1,1,1,0,0,none,0
102769,2026-08-24,after,new,Android,Instagram,1,1,1,1,0,timeout_error,0
102770,2026-08-24,after,new,PC,Direct,1,1,1,1,1,none,3828
102771,2026-08-24,after,light,iOS,Instagram,1,1,1,1,1,none,7054
102772,2026-08-24,after,new,iOS,Direct,1,1,0,0,0,none,0
102773,2026-08-24,after,new,Android,Google,1,0,0,0,0,none,0
102774,2026-08-24,after,heavy,PC,Direct,1,1,1,0,0,none,0
102775,2026-08-24,after,heavy,iOS,X,1,1,1,0,0,none,0
102776,2026-08-24,after,heavy,Android,X,1,1,1,1,1,none,12452
102777,2026-08-24,after,light,iOS,Instagram,1,1,1,0,0,none,0
102778,2026-08-24,after,heavy,iOS,Direct,1,1,1,1,1,none,16367
102779,2026-08-24,after,heavy,iOS,Instagram,1,1,0,0,0,none,0
102780,2026-08-24,after,new,PC,Instagram,1,1,1,1,1,none,2616
102781,2026-08-24,after,new,iOS,Instagram,1,1,1,1,1,none,4917
102782,2026-08-24,after,new,Android,Direct,1,0,0,0,0,none,0
102783,2026-08-24,after,light,Android,Direct,1,1,0,0,0,none,0
102784,2026-08-24,after,new,Android,Instagram,1,1,1,1,1,none,4039
102785,2026-08-24,after,heavy,PC,Instagram,1,1,1,0,0,none,0
102786,2026-08-24,after,new,iOS,Direct,1,1,0,0,0,none,0
102787,2026-08-24,after,light,Android,Instagram,1,1,1,1,1,none,6945
102788,2026-08-24,after,new,PC,Direct,1,1,0,0,0,none,0
102789,2026-08-24,after,heavy,iOS,Instagram,1,0,0,0,0,none,0
102790,2026-08-24,after,heavy,Android,Google,1,0,0,0,0,none,0
102791,2026-08-24,after,new,PC,X,1,1,0,0,0,none,0
102792,2026-08-24,after,heavy,iOS,X,1,1,0,0,0,none,0
102793,2026-08-24,after,new,iOS,Google,1,1,1,1,1,none,2383
102794,2026-08-24,after,light,Android,Instagram,1,1,1,0,0,none,0
102795,2026-08-24,after,heavy,Android,Google,1,0,0,0,0,none,0
102796,2026-08-24,after,heavy,Android,Direct,1,1,1,1,1,none,9530
102797,2026-08-24,after,new,iOS,X,1,1,0,0,0,none,0
102798,2026-08-24,after,new,iOS,Direct,1,1,0,0,0,none,0
102799,2026-08-24,after,light,iOS,Direct,1,1,0,0,0,none,0
102800,2026-08-24,after,new,Android,Google,1,1,1,1,0,timeout_error,0
102801,2026-08-24,after,new,Android,Google,1,1,1,1,0,timeout_error,0
102802,2026-08-24,after,light,iOS,Google,1,1,1,0,0,none,0
102803,2026-08-24,after,light,Android,Google,1,1,1,1,1,none,7168
102804,2026-08-24,after,heavy,iOS,Instagram,1,1,1,1,1,none,12596
102805,2026-08-24,after,light,Android,Direct,1,1,0,0,0,none,0
102806,2026-08-24,after,light,Android,Instagram,1,1,1,1,1,none,4121
102807,2026-08-24,after,light,iOS,Instagram,1,1,1,1,1,none,7818
102808,2026-08-24,after,light,PC,Instagram,1,1,1,1,0,none,0
102809,2026-08-24,after,new,iOS,Google,1,0,0,0,0,none,0
102810,2026-08-24,after,light,iOS,X,1,1,0,0,0,none,0
102811,2026-08-24,after,light,Android,Instagram,1,1,1,1,1,none,6550
102812,2026-08-24,after,heavy,iOS,Instagram,1,1,1,1,1,none,7221
102813,2026-08-24,after,new,Android,Google,1,1,1,1,1,none,3877
102814,2026-08-24,after,light,iOS,Instagram,1,1,1,1,0,none,0
102815,2026-08-24,after,new,iOS,X,1,1,0,0,0,none,0
102816,2026-08-24,after,heavy,PC,Google,1,0,0,0,0,none,0
102817,2026-08-24,after,light,iOS,Google,1,1,0,0,0,none,0
102818,2026-08-24,after,heavy,Android,Instagram,1,1,1,0,0,none,0
102819,2026-08-24,after,new,iOS,Instagram,1,1,0,0,0,none,0
102820,2026-08-24,after,new,Android,Direct,1,1,1,1,0,timeout_error,0
102821,2026-08-24,after,new,Android,Instagram,1,1,0,0,0,none,0
102822,2026-08-24,after,heavy,PC,Google,1,1,1,1,1,none,11649
102823,2026-08-24,after,heavy,Android,Direct,1,0,0,0,0,none,0
102824,2026-08-24,after,new,PC,X,1,1,0,0,0,none,0
102825,2026-08-24,after,light,PC,Google,1,1,0,0,0,none,0
102826,2026-08-24,after,light,iOS,Google,1,1,1,1,1,none,6240
102827,2026-08-24,after,light,Android,Google,1,1,1,1,0,none,0
102828,2026-08-24,after,light,iOS,Google,1,1,1,1,0,none,0
102829,2026-08-24,after,light,PC,Instagram,1,1,1,1,1,none,5658
102830,2026-08-24,after,light,iOS,Google,1,1,0,0,0,none,0
102831,2026-08-24,after,light,Android,X,1,1,1,1,1,none,4275
102832,2026-08-24,after,heavy,iOS,Google,1,0,0,0,0,none,0
102833,2026-08-24,after,new,Android,Instagram,1,1,1,0,0,none,0
102834,2026-08-24,after,new,iOS,X,1,0,0,0,0,none,0
102835,2026-08-24,after,light,iOS,Google,1,1,0,0,0,none,0
102836,2026-08-24,after,light,Android,Google,1,1,0,0,0,none,0
102837,2026-08-24,after,new,iOS,Instagram,1,1,1,1,1,none,4742
102838,2026-08-24,after,heavy,PC,Instagram,1,1,0,0,0,none,0
102839,2026-08-24,after,light,iOS,Direct,1,1,1,0,0,none,0
102840,2026-08-24,after,light,PC,Google,1,1,1,1,0,none,0
102841,2026-08-24,after,new,PC,X,1,1,1,0,0,none,0
102842,2026-08-24,after,new,Android,Instagram,1,0,0,0,0,none,0
102843,2026-08-24,after,new,Android,Direct,1,1,0,0,0,none,0
102844,2026-08-24,after,light,Android,Direct,1,1,0,0,0,payment_api_error,0
102845,2026-08-24,after,light,iOS,Direct,1,1,0,0,0,none,0
102846,2026-08-24,after,new,PC,Google,1,0,0,0,0,none,0
102847,2026-08-24,after,light,iOS,Instagram,1,1,1,1,1,none,4064
102848,2026-08-24,after,new,iOS,Google,1,1,1,0,0,none,0
102849,2026-08-24,after,heavy,iOS,Google,1,1,1,1,0,none,0
102850,2026-08-24,after,new,PC,Direct,1,1,0,0,0,none,0
102851,2026-08-24,after,new,Android,X,1,1,1,1,0,timeout_error,0
102852,2026-08-24,after,new,Android,Google,1,0,0,0,0,none,0
102853,2026-08-24,after,new,Android,Direct,1,1,0,0,0,none,0
102854,2026-08-24,after,light,PC,Instagram,1,0,0,0,0,none,0
102855,2026-08-24,after,light,Android,Google,1,1,0,0,0,none,0
102856,2026-08-24,after,heavy,iOS,X,1,1,1,0,0,none,0
102857,2026-08-24,after,new,iOS,Instagram,1,1,0,0,0,none,0
102858,2026-08-24,after,light,iOS,Direct,1,1,0,0,0,none,0
102859,2026-08-24,after,new,Android,Google,1,1,0,0,0,none,0
102860,2026-08-24,after,light,Android,Google,1,1,0,0,0,none,0
102861,2026-08-24,after,new,iOS,Google,1,1,0,0,0,none,0
102862,2026-08-24,after,heavy,iOS,X,1,0,0,0,0,none,0
102863,2026-08-24,after,light,Android,Google,1,0,0,0,0,none,0
102864,2026-08-24,after,heavy,iOS,X,1,1,1,1,0,none,0
102865,2026-08-24,after,light,iOS,X,1,0,0,0,0,none,0
102866,2026-08-24,after,heavy,Android,Instagram,1,1,0,0,0,none,0
102867,2026-08-24,after,new,Android,X,1,1,0,0,0,none,0
102868,2026-08-24,after,light,Android,X,1,1,0,0,0,none,0
102869,2026-08-24,after,light,iOS,Instagram,1,1,1,1,1,none,7534
102870,2026-08-24,after,new,Android,Instagram,1,1,1,1,0,none,0
102871,2026-08-24,after,new,Android,X,1,1,1,0,0,none,0
102872,2026-08-24,after,new,Android,Direct,1,1,0,0,0,timeout_error,0
102873,2026-08-24,after,new,PC,Instagram,1,1,0,0,0,none,0
102874,2026-08-24,after,light,iOS,Direct,1,1,0,0,0,none,0
102875,2026-08-24,after,light,iOS,Google,1,1,1,0,0,none,0
102876,2026-08-24,after,new,PC,Google,1,1,1,1,1,none,858
102877,2026-08-24,after,light,Android,Instagram,1,1,1,0,0,none,0
102878,2026-08-24,after,new,Android,X,1,1,0,0,0,none,0
102879,2026-08-24,after,heavy,iOS,Direct,1,0,0,0,0,none,0
102880,2026-08-24,after,light,Android,Google,1,1,1,0,0,none,0
102881,2026-08-25,after,heavy,PC,Google,1,1,0,0,0,none,0
102882,2026-08-25,after,light,Android,Instagram,1,1,0,0,0,none,0
102883,2026-08-25,after,new,iOS,Direct,1,1,1,1,1,none,4779
102884,2026-08-25,after,heavy,Android,Instagram,1,1,0,0,0,none,0
102885,2026-08-25,after,heavy,iOS,Google,1,1,0,0,0,none,0
102886,2026-08-25,after,new,PC,Direct,1,0,0,0,0,none,0
102887,2026-08-25,after,heavy,Android,Google,1,0,0,0,0,none,0
102888,2026-08-25,after,light,iOS,Google,1,0,0,0,0,none,0
102889,2026-08-25,after,heavy,Android,Instagram,1,1,1,0,0,none,0
102890,2026-08-25,after,new,Android,Google,1,1,1,1,0,payment_api_error,0
102891,2026-08-25,after,new,Android,Direct,1,1,1,1,1,none,3675
102892,2026-08-25,after,light,iOS,Instagram,1,1,1,1,1,none,5668
102893,2026-08-25,after,light,Android,Google,1,1,0,0,0,none,0
102894,2026-08-25,after,light,Android,Instagram,1,1,1,0,0,none,0
102895,2026-08-25,after,new,iOS,Google,1,0,0,0,0,none,0
102896,2026-08-25,after,heavy,PC,Instagram,1,1,1,0,0,none,0
102897,2026-08-25,after,light,PC,Google,1,1,1,0,0,none,0
102898,2026-08-25,after,new,iOS,Google,1,1,1,1,1,none,3546
102899,2026-08-25,after,light,iOS,Google,1,1,0,0,0,none,0
102900,2026-08-25,after,light,Android,Instagram,1,0,0,0,0,none,0
102901,2026-08-25,after,light,Android,Direct,1,0,0,0,0,none,0
102902,2026-08-25,after,light,Android,Google,1,0,0,0,0,none,0
102903,2026-08-25,after,new,Android,Direct,1,0,0,0,0,none,0
102904,2026-08-25,after,new,iOS,Google,1,1,1,1,1,none,4574
102905,2026-08-25,after,heavy,Android,Google,1,0,0,0,0,none,0
102906,2026-08-25,after,new,iOS,Instagram,1,1,0,0,0,none,0
102907,2026-08-25,after,new,Android,Google,1,1,1,1,0,timeout_error,0
102908,2026-08-25,after,new,Android,Instagram,1,1,0,0,0,none,0
102909,2026-08-25,after,light,iOS,X,1,1,1,0,0,none,0
102910,2026-08-25,after,new,Android,Google,1,1,0,0,0,none,0
102911,2026-08-25,after,heavy,Android,Google,1,0,0,0,0,none,0
102912,2026-08-25,after,heavy,iOS,Direct,1,1,0,0,0,none,0
102913,2026-08-25,after,light,iOS,Direct,1,0,0,0,0,none,0
102914,2026-08-25,after,new,Android,X,1,1,0,0,0,none,0
102915,2026-08-25,after,new,PC,Instagram,1,1,1,0,0,none,0
102916,2026-08-25,after,new,iOS,X,1,1,0,0,0,none,0
102917,2026-08-25,after,new,Android,Google,1,1,0,0,0,none,0
102918,2026-08-25,after,heavy,Android,Google,1,0,0,0,0,none,0
102919,2026-08-25,after,new,Android,Instagram,1,0,0,0,0,none,0
102920,2026-08-25,after,new,iOS,Google,1,1,0,0,0,none,0
102921,2026-08-25,after,new,iOS,Google,1,1,1,1,1,none,5030
102922,2026-08-25,after,new,PC,Direct,1,1,1,0,0,none,0
102923,2026-08-25,after,new,Android,Instagram,1,0,0,0,0,none,0
102924,2026-08-25,after,new,Android,Google,1,1,0,0,0,none,0
102925,2026-08-25,after,heavy,PC,Direct,1,1,0,0,0,none,0
102926,2026-08-25,after,light,Android,X,1,1,1,1,1,none,3134
102927,2026-08-25,after,new,Android,Google,1,1,0,0,0,none,0
102928,2026-08-25,after,light,PC,Direct,1,1,0,0,0,none,0
102929,2026-08-25,after,new,iOS,Instagram,1,1,0,0,0,none,0
102930,2026-08-25,after,new,Android,Google,1,1,0,0,0,none,0
102931,2026-08-25,after,light,Android,Google,1,1,0,0,0,none,0
102932,2026-08-25,after,new,Android,Google,1,1,1,1,0,timeout_error,0
102933,2026-08-25,after,light,iOS,Google,1,1,1,1,0,none,0
102934,2026-08-25,after,heavy,Android,Google,1,1,1,1,1,none,12909
102935,2026-08-25,after,new,iOS,Instagram,1,1,0,0,0,none,0
102936,2026-08-25,after,new,Android,Instagram,1,0,0,0,0,none,0
102937,2026-08-25,after,new,iOS,Google,1,1,1,1,1,none,3695
102938,2026-08-25,after,new,iOS,X,1,0,0,0,0,none,0
102939,2026-08-25,after,new,Android,Direct,1,0,0,0,0,none,0
102940,2026-08-25,after,new,Android,X,1,1,0,0,0,none,0
102941,2026-08-25,after,new,Android,Direct,1,1,1,0,0,none,0
102942,2026-08-25,after,new,iOS,Instagram,1,1,0,0,0,none,0
102943,2026-08-25,after,new,Android,Direct,1,1,1,1,1,none,5514
102944,2026-08-25,after,heavy,Android,Direct,1,1,0,0,0,none,0
102945,2026-08-25,after,light,Android,Google,1,1,0,0,0,none,0
102946,2026-08-25,after,heavy,PC,Instagram,1,1,1,1,1,none,12176
102947,2026-08-25,after,new,iOS,X,1,1,0,0,0,none,0
102948,2026-08-25,after,light,iOS,Direct,1,1,1,1,1,none,5673
102949,2026-08-25,after,new,iOS,Instagram,1,0,0,0,0,payment_api_error,0
102950,2026-08-25,after,heavy,iOS,Instagram,1,0,0,0,0,none,0
102951,2026-08-25,after,new,PC,Direct,1,1,1,1,1,none,4203
102952,2026-08-25,after,new,iOS,Google,1,0,0,0,0,none,0
102953,2026-08-25,after,new,iOS,Instagram,1,1,0,0,0,none,0
102954,2026-08-25,after,heavy,iOS,X,1,0,0,0,0,none,0
102955,2026-08-25,after,heavy,PC,Google,1,1,0,0,0,none,0
102956,2026-08-25,after,light,PC,Instagram,1,0,0,0,0,none,0
102957,2026-08-25,after,light,iOS,X,1,1,0,0,0,none,0
102958,2026-08-25,after,light,Android,Instagram,1,1,0,0,0,none,0
102959,2026-08-25,after,heavy,Android,X,1,1,0,0,0,none,0
102960,2026-08-25,after,light,Android,Google,1,1,0,0,0,none,0
102961,2026-08-25,after,new,Android,X,1,1,0,0,0,none,0
102962,2026-08-25,after,light,PC,Google,1,1,0,0,0,none,0
102963,2026-08-25,after,light,iOS,Direct,1,0,0,0,0,none,0
102964,2026-08-25,after,light,Android,Google,1,0,0,0,0,none,0
102965,2026-08-25,after,light,Android,X,1,0,0,0,0,none,0
102966,2026-08-25,after,new,PC,Instagram,1,0,0,0,0,none,0
102967,2026-08-25,after,new,iOS,Google,1,1,1,1,0,none,0
102968,2026-08-25,after,new,Android,Google,1,1,1,1,0,timeout_error,0
102969,2026-08-25,after,new,iOS,Google,1,1,1,1,1,none,5018
102970,2026-08-25,after,new,iOS,Google,1,1,0,0,0,none,0
102971,2026-08-25,after,light,Android,Direct,1,1,0,0,0,none,0
102972,2026-08-25,after,heavy,iOS,X,1,1,0,0,0,none,0
102973,2026-08-25,after,new,PC,Google,1,1,1,1,1,none,5488
102974,2026-08-25,after,new,Android,Direct,1,1,0,0,0,none,0
102975,2026-08-25,after,new,PC,Instagram,1,0,0,0,0,none,0
102976,2026-08-25,after,heavy,PC,X,1,1,1,1,0,none,0
102977,2026-08-25,after,new,iOS,Google,1,1,0,0,0,none,0
102978,2026-08-25,after,light,Android,Google,1,1,1,1,1,none,7233
102979,2026-08-25,after,new,iOS,Instagram,1,0,0,0,0,none,0
102980,2026-08-25,after,new,PC,X,1,0,0,0,0,none,0
102981,2026-08-25,after,heavy,iOS,Direct,1,1,0,0,0,none,0
102982,2026-08-25,after,light,Android,Instagram,1,1,1,0,0,none,0
102983,2026-08-25,after,new,iOS,X,1,1,0,0,0,none,0
102984,2026-08-25,after,heavy,Android,Google,1,1,0,0,0,none,0
102985,2026-08-25,after,new,iOS,Google,1,1,0,0,0,none,0
102986,2026-08-25,after,light,iOS,Direct,1,1,1,1,1,none,10260
102987,2026-08-25,after,light,Android,Direct,1,0,0,0,0,none,0
102988,2026-08-25,after,new,Android,Direct,1,1,1,1,1,none,5189
102989,2026-08-25,after,light,Android,Direct,1,1,1,1,1,none,6646
102990,2026-08-25,after,light,iOS,Instagram,1,1,1,1,1,none,2525
102991,2026-08-25,after,new,PC,Direct,1,0,0,0,0,none,0
102992,2026-08-25,after,light,iOS,X,1,1,1,1,1,none,8636
102993,2026-08-25,after,heavy,PC,Instagram,1,1,0,0,0,none,0
102994,2026-08-25,after,light,iOS,Instagram,1,1,1,0,0,none,0
102995,2026-08-25,after,light,PC,Google,1,1,1,0,0,none,0
102996,2026-08-25,after,light,iOS,Direct,1,1,0,0,0,none,0
102997,2026-08-25,after,light,iOS,Google,1,0,0,0,0,none,0
102998,2026-08-25,after,light,PC,Direct,1,1,0,0,0,none,0
102999,2026-08-25,after,light,Android,Google,1,1,1,0,0,none,0
103000,2026-08-25,after,light,PC,Instagram,1,1,1,1,0,none,0
103001,2026-08-26,after,heavy,Android,Direct,1,1,0,0,0,none,0
103002,2026-08-26,after,new,iOS,Google,1,0,0,0,0,none,0
103003,2026-08-26,after,light,Android,X,1,1,1,1,1,none,6863
103004,2026-08-26,after,new,iOS,Direct,1,1,1,0,0,none,0
103005,2026-08-26,after,light,PC,Google,1,1,0,0,0,none,0
103006,2026-08-26,after,new,iOS,X,1,0,0,0,0,none,0
103007,2026-08-26,after,new,iOS,Instagram,1,0,0,0,0,none,0
103008,2026-08-26,after,heavy,Android,X,1,1,0,0,0,none,0
103009,2026-08-26,after,light,PC,X,1,1,1,1,0,none,0
103010,2026-08-26,after,heavy,PC,Instagram,1,1,0,0,0,none,0
103011,2026-08-26,after,light,PC,Google,1,1,1,0,0,none,0
103012,2026-08-26,after,light,Android,Direct,1,1,0,0,0,none,0
103013,2026-08-26,after,new,iOS,Google,1,1,1,1,1,none,3875
103014,2026-08-26,after,heavy,iOS,X,1,1,1,1,1,none,11645
103015,2026-08-26,after,light,iOS,Instagram,1,1,0,0,0,none,0
103016,2026-08-26,after,light,iOS,Google,1,1,0,0,0,none,0
103017,2026-08-26,after,new,PC,Google,1,0,0,0,0,none,0
103018,2026-08-26,after,new,Android,Instagram,1,1,0,0,0,none,0
103019,2026-08-26,after,new,PC,Instagram,1,1,0,0,0,none,0
103020,2026-08-26,after,new,iOS,Direct,1,1,0,0,0,none,0
103021,2026-08-26,after,light,Android,Direct,1,1,0,0,0,none,0
103022,2026-08-26,after,new,Android,Direct,1,0,0,0,0,none,0
103023,2026-08-26,after,light,Android,X,1,1,0,0,0,none,0
103024,2026-08-26,after,new,PC,X,1,1,0,0,0,none,0
103025,2026-08-26,after,new,Android,Direct,1,0,0,0,0,none,0
103026,2026-08-26,after,new,PC,Instagram,1,1,0,0,0,none,0
103027,2026-08-26,after,new,Android,Instagram,1,1,0,0,0,none,0
103028,2026-08-26,after,light,iOS,Instagram,1,0,0,0,0,none,0
103029,2026-08-26,after,heavy,PC,Instagram,1,1,0,0,0,none,0
103030,2026-08-26,after,light,Android,Google,1,1,1,0,0,none,0
103031,2026-08-26,after,new,PC,Google,1,1,0,0,0,none,0
103032,2026-08-26,after,heavy,iOS,Instagram,1,1,0,0,0,none,0
103033,2026-08-26,after,light,Android,Google,1,1,1,1,1,none,8006
103034,2026-08-26,after,new,PC,Direct,1,1,0,0,0,none,0
103035,2026-08-26,after,new,PC,Instagram,1,1,1,0,0,none,0
103036,2026-08-26,after,new,Android,Google,1,0,0,0,0,none,0
103037,2026-08-26,after,light,Android,Direct,1,1,0,0,0,none,0
103038,2026-08-26,after,new,Android,X,1,1,1,1,0,timeout_error,0
103039,2026-08-26,after,light,Android,Direct,1,1,0,0,0,none,0
103040,2026-08-26,after,light,PC,Direct,1,0,0,0,0,none,0
103041,2026-08-26,after,light,Android,Instagram,1,0,0,0,0,none,0
103042,2026-08-26,after,light,Android,Direct,1,1,0,0,0,none,0
103043,2026-08-26,after,light,iOS,Google,1,1,1,1,1,none,3727
103044,2026-08-26,after,new,Android,Google,1,1,0,0,0,none,0
103045,2026-08-26,after,new,Android,Google,1,1,1,1,0,timeout_error,0
103046,2026-08-26,after,new,PC,Google,1,0,0,0,0,none,0
103047,2026-08-26,after,light,Android,Direct,1,1,0,0,0,none,0
103048,2026-08-26,after,new,iOS,Google,1,1,0,0,0,none,0
103049,2026-08-26,after,new,PC,Instagram,1,0,0,0,0,none,0
103050,2026-08-26,after,new,Android,X,1,1,0,0,0,none,0
103051,2026-08-26,after,light,Android,Google,1,1,1,1,1,none,6637
103052,2026-08-26,after,heavy,Android,Google,1,1,1,1,1,none,13046
103053,2026-08-26,after,light,Android,Instagram,1,1,1,1,1,timeout_error,5237
103054,2026-08-26,after,new,iOS,Direct,1,0,0,0,0,none,0
103055,2026-08-26,after,light,Android,Instagram,1,0,0,0,0,none,0
103056,2026-08-26,after,new,Android,Instagram,1,0,0,0,0,none,0
103057,2026-08-26,after,new,Android,Instagram,1,1,0,0,0,none,0
103058,2026-08-26,after,new,PC,X,1,0,0,0,0,none,0
103059,2026-08-26,after,new,Android,Direct,1,1,1,1,0,payment_api_error,0
103060,2026-08-26,after,light,iOS,Direct,1,1,1,1,1,none,7079
103061,2026-08-26,after,heavy,Android,X,1,1,1,1,0,none,0
103062,2026-08-26,after,heavy,iOS,Google,1,1,0,0,0,none,0
103063,2026-08-26,after,new,iOS,X,1,1,1,1,0,none,0
103064,2026-08-26,after,light,iOS,Google,1,1,0,0,0,none,0
103065,2026-08-26,after,new,Android,Google,1,1,1,0,0,none,0
103066,2026-08-26,after,heavy,iOS,Direct,1,1,1,1,1,none,7698
103067,2026-08-26,after,light,Android,Google,1,1,1,1,0,none,0
103068,2026-08-26,after,heavy,Android,Google,1,1,0,0,0,none,0
103069,2026-08-26,after,new,Android,Direct,1,1,0,0,0,none,0
103070,2026-08-26,after,light,Android,X,1,1,1,1,1,none,6954
103071,2026-08-26,after,light,Android,Google,1,0,0,0,0,none,0
103072,2026-08-26,after,light,iOS,Google,1,1,1,0,0,none,0
103073,2026-08-26,after,new,Android,Direct,1,0,0,0,0,none,0
103074,2026-08-26,after,new,iOS,Direct,1,1,1,1,1,none,3721
103075,2026-08-26,after,light,PC,Google,1,0,0,0,0,none,0
103076,2026-08-26,after,heavy,PC,Google,1,1,1,1,1,none,12249
103077,2026-08-26,after,light,iOS,Direct,1,1,1,0,0,none,0
103078,2026-08-26,after,new,PC,Google,1,1,1,0,0,none,0
103079,2026-08-26,after,new,Android,Direct,1,0,0,0,0,none,0
103080,2026-08-26,after,light,iOS,X,1,1,1,0,0,none,0
103081,2026-08-26,after,new,iOS,Direct,1,1,1,1,1,none,3845
103082,2026-08-26,after,new,iOS,Direct,1,0,0,0,0,none,0
103083,2026-08-26,after,light,PC,Instagram,1,1,1,0,0,none,0
103084,2026-08-26,after,new,Android,Instagram,1,1,1,1,0,timeout_error,0
103085,2026-08-26,after,heavy,Android,Google,1,1,1,0,0,none,0
103086,2026-08-26,after,new,iOS,Google,1,1,0,0,0,none,0
103087,2026-08-26,after,heavy,Android,Instagram,1,0,0,0,0,none,0
103088,2026-08-26,after,new,iOS,X,1,1,1,1,1,none,5062
103089,2026-08-26,after,new,iOS,Google,1,0,0,0,0,none,0
103090,2026-08-26,after,light,Android,Google,1,1,1,1,1,none,6307
103091,2026-08-26,after,heavy,Android,Google,1,1,1,1,0,none,0
103092,2026-08-26,after,light,iOS,Instagram,1,1,0,0,0,none,0
103093,2026-08-26,after,new,Android,Google,1,1,0,0,0,none,0
103094,2026-08-26,after,heavy,Android,Instagram,1,1,0,0,0,none,0
103095,2026-08-26,after,light,iOS,X,1,1,1,1,1,none,8366
103096,2026-08-26,after,heavy,iOS,Instagram,1,0,0,0,0,none,0
103097,2026-08-26,after,light,Android,Instagram,1,1,1,1,0,none,0
103098,2026-08-26,after,new,Android,Instagram,1,1,1,0,0,none,0
103099,2026-08-26,after,heavy,iOS,Google,1,1,1,1,1,none,12398
103100,2026-08-26,after,light,Android,Direct,1,1,1,0,0,timeout_error,0
103101,2026-08-26,after,new,Android,Direct,1,1,0,0,0,none,0
103102,2026-08-26,after,new,iOS,X,1,1,0,0,0,none,0
103103,2026-08-26,after,new,iOS,Direct,1,0,0,0,0,none,0
103104,2026-08-26,after,heavy,iOS,Direct,1,1,0,0,0,none,0
103105,2026-08-26,after,light,Android,Google,1,0,0,0,0,none,0
103106,2026-08-26,after,new,PC,Google,1,0,0,0,0,none,0
103107,2026-08-26,after,new,iOS,Instagram,1,1,0,0,0,none,0
103108,2026-08-26,after,new,PC,X,1,0,0,0,0,payment_api_error,0
103109,2026-08-26,after,new,Android,Direct,1,1,1,0,0,none,0
103110,2026-08-26,after,new,Android,Instagram,1,0,0,0,0,none,0
103111,2026-08-26,after,light,Android,Instagram,1,0,0,0,0,none,0
103112,2026-08-26,after,light,Android,Instagram,1,1,1,0,0,none,0
103113,2026-08-26,after,new,Android,Instagram,1,0,0,0,0,none,0
103114,2026-08-26,after,new,iOS,Google,1,1,0,0,0,none,0
103115,2026-08-26,after,light,Android,Google,1,1,1,1,0,none,0
103116,2026-08-26,after,light,iOS,Google,1,1,0,0,0,none,0
103117,2026-08-26,after,new,PC,X,1,0,0,0,0,none,0
103118,2026-08-26,after,light,iOS,X,1,1,1,1,1,none,10470
103119,2026-08-26,after,heavy,PC,Direct,1,1,1,1,0,none,0
103120,2026-08-26,after,new,PC,Google,1,1,0,0,0,none,0
103121,2026-08-27,after,light,Android,Instagram,1,1,1,1,1,none,5719
103122,2026-08-27,after,light,PC,Google,1,1,1,0,0,none,0
103123,2026-08-27,after,new,iOS,Google,1,1,1,1,1,none,4631
103124,2026-08-27,after,heavy,PC,Google,1,1,0,0,0,none,0
103125,2026-08-27,after,heavy,Android,Google,1,0,0,0,0,none,0
103126,2026-08-27,after,new,Android,Instagram,1,1,0,0,0,none,0
103127,2026-08-27,after,light,iOS,Google,1,1,0,0,0,none,0
103128,2026-08-27,after,new,iOS,Direct,1,1,1,0,0,none,0
103129,2026-08-27,after,light,iOS,Google,1,1,0,0,0,none,0
103130,2026-08-27,after,new,PC,Instagram,1,0,0,0,0,none,0
103131,2026-08-27,after,new,iOS,Google,1,1,1,1,1,none,2661
103132,2026-08-27,after,light,Android,Instagram,1,1,1,1,0,none,0
103133,2026-08-27,after,heavy,iOS,Instagram,1,1,0,0,0,none,0
103134,2026-08-27,after,new,iOS,Direct,1,1,0,0,0,none,0
103135,2026-08-27,after,heavy,PC,Instagram,1,1,0,0,0,none,0
103136,2026-08-27,after,new,iOS,X,1,1,1,1,1,none,2661
103137,2026-08-27,after,heavy,Android,Direct,1,0,0,0,0,none,0
103138,2026-08-27,after,new,PC,Instagram,1,1,0,0,0,none,0
103139,2026-08-27,after,light,Android,Google,1,1,0,0,0,none,0
103140,2026-08-27,after,heavy,PC,Google,1,1,0,0,0,none,0
103141,2026-08-27,after,heavy,iOS,X,1,0,0,0,0,none,0
103142,2026-08-27,after,new,PC,Google,1,1,1,0,0,none,0
103143,2026-08-27,after,light,PC,Instagram,1,1,0,0,0,none,0
103144,2026-08-27,after,light,PC,Direct,1,1,1,1,1,none,5601
103145,2026-08-27,after,light,PC,Direct,1,1,0,0,0,payment_api_error,0
103146,2026-08-27,after,light,Android,Google,1,1,0,0,0,none,0
103147,2026-08-27,after,light,Android,X,1,1,1,1,1,none,8401
103148,2026-08-27,after,new,iOS,Direct,1,1,1,1,1,none,4187
103149,2026-08-27,after,light,Android,X,1,1,0,0,0,none,0
103150,2026-08-27,after,light,Android,X,1,1,1,1,1,none,6288
103151,2026-08-27,after,heavy,Android,Instagram,1,1,0,0,0,none,0
103152,2026-08-27,after,light,PC,Direct,1,0,0,0,0,none,0
103153,2026-08-27,after,new,Android,Instagram,1,1,0,0,0,none,0
103154,2026-08-27,after,new,Android,Instagram,1,1,0,0,0,none,0
103155,2026-08-27,after,new,Android,Instagram,1,0,0,0,0,none,0
103156,2026-08-27,after,heavy,iOS,Direct,1,1,1,1,1,none,8361
103157,2026-08-27,after,light,Android,Direct,1,1,1,0,0,none,0
103158,2026-08-27,after,light,Android,X,1,1,1,0,0,none,0
103159,2026-08-27,after,new,Android,X,1,1,0,0,0,none,0
103160,2026-08-27,after,light,PC,Google,1,0,0,0,0,none,0
103161,2026-08-27,after,light,Android,Instagram,1,0,0,0,0,none,0
103162,2026-08-27,after,light,iOS,Google,1,1,1,0,0,none,0
103163,2026-08-27,after,new,PC,X,1,1,0,0,0,none,0
103164,2026-08-27,after,new,Android,Google,1,1,1,1,1,none,3335
103165,2026-08-27,after,light,PC,X,1,1,1,0,0,none,0
103166,2026-08-27,after,new,PC,Instagram,1,1,1,0,0,none,0
103167,2026-08-27,after,light,iOS,Google,1,0,0,0,0,none,0
103168,2026-08-27,after,light,Android,Instagram,1,1,0,0,0,none,0
103169,2026-08-27,after,light,Android,Instagram,1,1,1,0,0,none,0
103170,2026-08-27,after,heavy,Android,Google,1,1,1,0,0,none,0
103171,2026-08-27,after,heavy,iOS,Google,1,1,0,0,0,none,0
103172,2026-08-27,after,heavy,iOS,Google,1,1,1,1,1,none,11957
103173,2026-08-27,after,heavy,Android,Direct,1,1,1,1,1,none,9360
103174,2026-08-27,after,light,iOS,Instagram,1,0,0,0,0,none,0
103175,2026-08-27,after,light,Android,Instagram,1,1,1,1,1,none,6718
103176,2026-08-27,after,light,Android,Direct,1,1,0,0,0,none,0
103177,2026-08-27,after,new,iOS,Google,1,1,1,1,1,none,5856
103178,2026-08-27,after,light,Android,Google,1,1,0,0,0,none,0
103179,2026-08-27,after,new,iOS,Google,1,1,1,0,0,none,0
103180,2026-08-27,after,light,PC,Direct,1,0,0,0,0,none,0
103181,2026-08-27,after,heavy,iOS,X,1,0,0,0,0,none,0
103182,2026-08-27,after,heavy,iOS,Google,1,0,0,0,0,none,0
103183,2026-08-27,after,light,iOS,Direct,1,1,1,1,1,none,5667
103184,2026-08-27,after,new,iOS,Instagram,1,1,1,1,0,none,0
103185,2026-08-27,after,light,PC,Instagram,1,0,0,0,0,none,0
103186,2026-08-27,after,new,PC,Instagram,1,1,0,0,0,none,0
103187,2026-08-27,after,light,iOS,Google,1,1,0,0,0,none,0
103188,2026-08-27,after,light,PC,Direct,1,1,0,0,0,none,0
103189,2026-08-27,after,heavy,iOS,Instagram,1,1,1,1,1,none,12186
103190,2026-08-27,after,light,Android,Google,1,1,1,1,0,none,0
103191,2026-08-27,after,new,PC,Direct,1,1,0,0,0,none,0
103192,2026-08-27,after,new,PC,Instagram,1,1,0,0,0,none,0
103193,2026-08-27,after,heavy,Android,Direct,1,1,1,1,1,none,11255
103194,2026-08-27,after,light,iOS,Google,1,1,1,0,0,none,0
103195,2026-08-27,after,heavy,PC,Direct,1,1,0,0,0,none,0
103196,2026-08-27,after,heavy,Android,Google,1,1,1,0,0,none,0
103197,2026-08-27,after,light,iOS,Google,1,1,1,1,1,none,2388
103198,2026-08-27,after,heavy,Android,Google,1,1,0,0,0,timeout_error,0
103199,2026-08-27,after,light,Android,Instagram,1,0,0,0,0,none,0
103200,2026-08-27,after,new,iOS,Instagram,1,0,0,0,0,none,0
103201,2026-08-27,after,new,PC,Instagram,1,1,0,0,0,none,0
103202,2026-08-27,after,new,Android,X,1,1,0,0,0,none,0
103203,2026-08-27,after,new,Android,Instagram,1,0,0,0,0,none,0
103204,2026-08-27,after,new,PC,Direct,1,0,0,0,0,none,0
103205,2026-08-27,after,heavy,Android,Direct,1,1,1,1,1,none,16317
103206,2026-08-27,after,heavy,Android,Instagram,1,1,1,1,1,none,9317
103207,2026-08-27,after,light,iOS,Instagram,1,0,0,0,0,none,0
103208,2026-08-27,after,new,PC,Google,1,1,0,0,0,none,0
103209,2026-08-27,after,new,iOS,Google,1,1,0,0,0,none,0
103210,2026-08-27,after,light,PC,Google,1,1,1,1,0,none,0
103211,2026-08-27,after,new,iOS,Google,1,0,0,0,0,none,0
103212,2026-08-27,after,light,Android,X,1,1,1,1,1,none,6478
103213,2026-08-27,after,heavy,Android,Google,1,1,1,0,0,none,0
103214,2026-08-27,after,new,PC,Instagram,1,0,0,0,0,none,0
103215,2026-08-27,after,new,iOS,X,1,1,1,0,0,none,0
103216,2026-08-27,after,new,Android,Google,1,0,0,0,0,none,0
103217,2026-08-27,after,heavy,PC,Instagram,1,0,0,0,0,none,0
103218,2026-08-27,after,new,Android,Google,1,1,1,1,1,none,4746
103219,2026-08-27,after,heavy,Android,Instagram,1,1,1,0,0,none,0
103220,2026-08-27,after,new,iOS,Direct,1,1,1,1,0,none,0
103221,2026-08-27,after,new,Android,Direct,1,1,1,1,0,payment_api_error,0
103222,2026-08-27,after,light,iOS,Google,1,1,1,1,1,none,5909
103223,2026-08-27,after,light,PC,Direct,1,1,1,0,0,none,0
103224,2026-08-27,after,light,Android,Instagram,1,1,1,1,0,none,0
103225,2026-08-27,after,heavy,iOS,Google,1,1,1,0,0,none,0
103226,2026-08-27,after,light,iOS,Direct,1,1,1,1,1,none,6834
103227,2026-08-27,after,light,iOS,X,1,1,1,0,0,none,0
103228,2026-08-27,after,new,iOS,Instagram,1,0,0,0,0,none,0
103229,2026-08-27,after,light,iOS,Google,1,0,0,0,0,none,0
103230,2026-08-27,after,new,Android,Instagram,1,1,0,0,0,none,0
103231,2026-08-27,after,new,Android,Google,1,1,0,0,0,none,0
103232,2026-08-27,after,light,iOS,Instagram,1,1,1,0,0,none,0
103233,2026-08-27,after,new,PC,Google,1,0,0,0,0,none,0
103234,2026-08-27,after,heavy,Android,Instagram,1,0,0,0,0,none,0
103235,2026-08-27,after,new,Android,Direct,1,1,0,0,0,none,0
103236,2026-08-27,after,new,Android,Direct,1,1,1,1,0,timeout_error,0
103237,2026-08-27,after,light,iOS,Instagram,1,1,0,0,0,none,0
103238,2026-08-27,after,light,Android,Direct,1,1,1,1,1,none,7564
103239,2026-08-27,after,light,iOS,Google,1,1,1,0,0,none,0
103240,2026-08-27,after,heavy,PC,X,1,1,1,1,1,none,8638
103241,2026-08-28,after,light,iOS,Instagram,1,1,1,1,1,none,5512
103242,2026-08-28,after,light,iOS,Direct,1,1,1,1,0,none,0
103243,2026-08-28,after,light,iOS,Direct,1,1,1,1,1,none,7999
103244,2026-08-28,after,light,iOS,Direct,1,1,0,0,0,none,0
103245,2026-08-28,after,heavy,iOS,X,1,1,1,1,0,none,0
103246,2026-08-28,after,light,PC,Google,1,1,0,0,0,none,0
103247,2026-08-28,after,new,iOS,Instagram,1,1,1,1,1,none,4867
103248,2026-08-28,after,new,Android,Google,1,1,1,0,0,none,0
103249,2026-08-28,after,heavy,Android,Instagram,1,1,1,0,0,none,0
103250,2026-08-28,after,light,PC,Direct,1,0,0,0,0,none,0
103251,2026-08-28,after,heavy,PC,Instagram,1,1,1,0,0,none,0
103252,2026-08-28,after,light,iOS,Google,1,1,1,0,0,none,0
103253,2026-08-28,after,light,Android,Direct,1,0,0,0,0,none,0
103254,2026-08-28,after,heavy,Android,Direct,1,1,0,0,0,none,0
103255,2026-08-28,after,new,Android,Direct,1,1,1,1,0,timeout_error,0
103256,2026-08-28,after,light,Android,Instagram,1,1,1,1,1,none,3603
103257,2026-08-28,after,light,Android,Direct,1,1,1,1,1,none,6394
103258,2026-08-28,after,light,PC,Google,1,1,1,1,1,none,3354
103259,2026-08-28,after,light,Android,Direct,1,0,0,0,0,none,0
103260,2026-08-28,after,new,Android,Instagram,1,1,0,0,0,none,0
103261,2026-08-28,after,heavy,iOS,Google,1,1,1,1,1,none,11896
103262,2026-08-28,after,new,Android,X,1,1,1,0,0,none,0
103263,2026-08-28,after,light,Android,Instagram,1,0,0,0,0,none,0
103264,2026-08-28,after,light,iOS,X,1,1,1,1,1,none,8088
103265,2026-08-28,after,new,Android,Direct,1,1,1,1,1,none,4954
103266,2026-08-28,after,heavy,iOS,Direct,1,0,0,0,0,none,0
103267,2026-08-28,after,light,Android,Google,1,0,0,0,0,none,0
103268,2026-08-28,after,heavy,Android,Direct,1,0,0,0,0,none,0
103269,2026-08-28,after,heavy,Android,X,1,1,1,1,1,none,7369
103270,2026-08-28,after,light,iOS,Direct,1,0,0,0,0,none,0
103271,2026-08-28,after,heavy,Android,Direct,1,1,0,0,0,none,0
103272,2026-08-28,after,heavy,Android,X,1,1,0,0,0,none,0
103273,2026-08-28,after,heavy,iOS,Google,1,1,0,0,0,none,0
103274,2026-08-28,after,heavy,iOS,Google,1,1,1,1,1,none,10221
103275,2026-08-28,after,new,PC,Direct,1,1,0,0,0,none,0
103276,2026-08-28,after,light,Android,Google,1,1,1,1,1,none,2660
103277,2026-08-28,after,new,Android,X,1,1,1,0,0,none,0
103278,2026-08-28,after,new,iOS,Google,1,1,0,0,0,none,0
103279,2026-08-28,after,new,iOS,Direct,1,1,1,1,1,none,4213
103280,2026-08-28,after,heavy,Android,Instagram,1,0,0,0,0,none,0
103281,2026-08-28,after,new,PC,X,1,1,1,1,0,none,0
103282,2026-08-28,after,new,Android,Instagram,1,1,1,0,0,none,0
103283,2026-08-28,after,light,PC,Google,1,1,1,0,0,none,0
103284,2026-08-28,after,light,PC,Direct,1,1,0,0,0,none,0
103285,2026-08-28,after,light,PC,Direct,1,1,1,1,1,none,7240
103286,2026-08-28,after,new,iOS,Google,1,1,0,0,0,none,0
103287,2026-08-28,after,light,iOS,Direct,1,1,0,0,0,none,0
103288,2026-08-28,after,new,Android,Instagram,1,1,0,0,0,none,0
103289,2026-08-28,after,heavy,Android,Instagram,1,1,1,0,0,none,0
103290,2026-08-28,after,heavy,Android,Instagram,1,1,0,0,0,none,0
103291,2026-08-28,after,new,Android,Direct,1,1,0,0,0,none,0
103292,2026-08-28,after,heavy,Android,Instagram,1,1,0,0,0,none,0
103293,2026-08-28,after,heavy,Android,Direct,1,0,0,0,0,none,0
103294,2026-08-28,after,heavy,Android,Direct,1,0,0,0,0,none,0
103295,2026-08-28,after,new,Android,Direct,1,0,0,0,0,timeout_error,0
103296,2026-08-28,after,new,Android,Instagram,1,1,0,0,0,none,0
103297,2026-08-28,after,new,Android,Google,1,0,0,0,0,none,0
103298,2026-08-28,after,light,PC,Instagram,1,1,0,0,0,none,0
103299,2026-08-28,after,light,iOS,X,1,1,1,1,1,none,5450
103300,2026-08-28,after,new,Android,Google,1,1,0,0,0,none,0
103301,2026-08-28,after,light,Android,Google,1,1,1,0,0,none,0
103302,2026-08-28,after,new,Android,Direct,1,0,0,0,0,none,0
103303,2026-08-28,after,light,Android,Google,1,1,1,0,0,none,0
103304,2026-08-28,after,heavy,PC,Google,1,1,1,1,1,none,10737
103305,2026-08-28,after,light,iOS,Direct,1,1,0,0,0,none,0
103306,2026-08-28,after,new,iOS,Instagram,1,1,1,1,1,none,4604
103307,2026-08-28,after,new,PC,Instagram,1,1,1,1,1,none,1916
103308,2026-08-28,after,light,iOS,Instagram,1,0,0,0,0,none,0
103309,2026-08-28,after,light,PC,Instagram,1,1,1,1,1,none,5399
103310,2026-08-28,after,light,PC,Google,1,1,0,0,0,none,0
103311,2026-08-28,after,new,iOS,Direct,1,0,0,0,0,none,0
103312,2026-08-28,after,light,Android,X,1,1,0,0,0,none,0
103313,2026-08-28,after,heavy,Android,X,1,1,0,0,0,none,0
103314,2026-08-28,after,heavy,iOS,Instagram,1,0,0,0,0,none,0
103315,2026-08-28,after,light,PC,Google,1,1,1,1,1,none,6064
103316,2026-08-28,after,light,Android,X,1,1,1,0,0,none,0
103317,2026-08-28,after,light,iOS,X,1,1,1,1,0,none,0
103318,2026-08-28,after,heavy,iOS,Instagram,1,1,1,1,1,none,8341
103319,2026-08-28,after,new,iOS,Instagram,1,0,0,0,0,none,0
103320,2026-08-28,after,new,iOS,Google,1,1,1,1,1,none,2997
103321,2026-08-28,after,new,Android,Google,1,1,0,0,0,none,0
103322,2026-08-28,after,light,PC,Direct,1,1,0,0,0,none,0
103323,2026-08-28,after,light,iOS,Google,1,0,0,0,0,none,0
103324,2026-08-28,after,new,Android,Direct,1,0,0,0,0,none,0
103325,2026-08-28,after,light,PC,Instagram,1,1,1,0,0,none,0
103326,2026-08-28,after,heavy,iOS,Instagram,1,1,0,0,0,none,0
103327,2026-08-28,after,new,Android,Instagram,1,0,0,0,0,none,0
103328,2026-08-28,after,light,Android,Direct,1,1,1,1,1,none,4358
103329,2026-08-28,after,light,iOS,Direct,1,0,0,0,0,none,0
103330,2026-08-28,after,new,PC,Instagram,1,0,0,0,0,none,0
103331,2026-08-28,after,light,iOS,Google,1,1,0,0,0,none,0
103332,2026-08-28,after,light,PC,X,1,0,0,0,0,none,0
103333,2026-08-28,after,light,PC,Instagram,1,1,0,0,0,none,0
103334,2026-08-28,after,new,iOS,Google,1,1,1,0,0,none,0
103335,2026-08-28,after,new,PC,Direct,1,0,0,0,0,none,0
103336,2026-08-28,after,new,Android,Direct,1,0,0,0,0,none,0
103337,2026-08-28,after,new,PC,X,1,1,0,0,0,none,0
103338,2026-08-28,after,light,Android,Direct,1,1,1,1,1,none,1729
103339,2026-08-28,after,new,Android,X,1,1,1,0,0,timeout_error,0
103340,2026-08-28,after,light,PC,Instagram,1,1,0,0,0,none,0
103341,2026-08-28,after,heavy,iOS,Google,1,1,0,0,0,none,0
103342,2026-08-28,after,light,iOS,X,1,1,0,0,0,none,0
103343,2026-08-28,after,new,Android,Google,1,1,0,0,0,none,0
103344,2026-08-28,after,light,PC,X,1,1,0,0,0,none,0
103345,2026-08-28,after,light,Android,Google,1,1,0,0,0,none,0
103346,2026-08-28,after,light,iOS,Google,1,0,0,0,0,none,0
103347,2026-08-28,after,light,iOS,Google,1,0,0,0,0,none,0
103348,2026-08-28,after,new,PC,Direct,1,1,1,1,1,none,3116
103349,2026-08-28,after,heavy,PC,Instagram,1,1,0,0,0,none,0
103350,2026-08-28,after,heavy,PC,Instagram,1,1,0,0,0,none,0
103351,2026-08-28,after,light,iOS,Google,1,0,0,0,0,none,0
103352,2026-08-28,after,light,Android,Instagram,1,1,1,1,1,none,5948
103353,2026-08-28,after,new,Android,Google,1,0,0,0,0,none,0
103354,2026-08-28,after,new,iOS,Google,1,1,0,0,0,none,0
103355,2026-08-28,after,new,iOS,Google,1,0,0,0,0,none,0
103356,2026-08-28,after,heavy,Android,Instagram,1,1,1,1,0,none,0
103357,2026-08-28,after,light,iOS,X,1,1,0,0,0,none,0
103358,2026-08-28,after,heavy,Android,X,1,1,0,0,0,none,0
103359,2026-08-28,after,new,iOS,Google,1,1,0,0,0,none,0
103360,2026-08-28,after,new,iOS,Google,1,1,1,1,1,none,5893
103361,2026-08-29,after,light,Android,Instagram,1,1,0,0,0,none,0
103362,2026-08-29,after,light,PC,Google,1,1,0,0,0,timeout_error,0
103363,2026-08-29,after,heavy,Android,Direct,1,1,0,0,0,none,0
103364,2026-08-29,after,light,PC,Google,1,1,0,0,0,none,0
103365,2026-08-29,after,new,PC,Instagram,1,1,1,1,1,none,5013
103366,2026-08-29,after,light,Android,Instagram,1,1,1,0,0,none,0
103367,2026-08-29,after,light,PC,Instagram,1,0,0,0,0,none,0
103368,2026-08-29,after,new,Android,Direct,1,1,0,0,0,none,0
103369,2026-08-29,after,heavy,Android,Direct,1,1,0,0,0,payment_api_error,0
103370,2026-08-29,after,new,iOS,X,1,1,0,0,0,none,0
103371,2026-08-29,after,light,Android,Direct,1,1,1,1,1,none,5600
103372,2026-08-29,after,light,Android,Instagram,1,1,0,0,0,none,0
103373,2026-08-29,after,light,iOS,Instagram,1,1,0,0,0,none,0
103374,2026-08-29,after,new,Android,Instagram,1,1,1,0,0,none,0
103375,2026-08-29,after,heavy,Android,Instagram,1,1,1,0,0,none,0
103376,2026-08-29,after,light,PC,Direct,1,0,0,0,0,none,0
103377,2026-08-29,after,new,iOS,Direct,1,1,1,1,0,timeout_error,0
103378,2026-08-29,after,new,iOS,X,1,1,1,1,0,none,0
103379,2026-08-29,after,light,Android,Google,1,1,0,0,0,none,0
103380,2026-08-29,after,light,iOS,Instagram,1,1,1,1,0,none,0
103381,2026-08-29,after,light,Android,Instagram,1,0,0,0,0,payment_api_error,0
103382,2026-08-29,after,heavy,Android,Instagram,1,1,1,0,0,none,0
103383,2026-08-29,after,light,PC,Google,1,1,1,1,1,none,7908
103384,2026-08-29,after,new,iOS,Google,1,0,0,0,0,none,0
103385,2026-08-29,after,new,Android,Direct,1,1,0,0,0,none,0
103386,2026-08-29,after,light,iOS,Direct,1,1,0,0,0,none,0
103387,2026-08-29,after,new,PC,X,1,1,1,0,0,none,0
103388,2026-08-29,after,light,Android,Instagram,1,1,1,1,1,none,7186
103389,2026-08-29,after,heavy,Android,Google,1,1,0,0,0,none,0
103390,2026-08-29,after,new,Android,Direct,1,1,0,0,0,none,0
103391,2026-08-29,after,light,iOS,Google,1,1,0,0,0,none,0
103392,2026-08-29,after,light,Android,Instagram,1,0,0,0,0,none,0
103393,2026-08-29,after,light,Android,X,1,1,1,1,1,none,9111
103394,2026-08-29,after,light,iOS,Google,1,0,0,0,0,none,0
103395,2026-08-29,after,light,iOS,Direct,1,0,0,0,0,none,0
103396,2026-08-29,after,new,iOS,Google,1,1,0,0,0,none,0
103397,2026-08-29,after,new,iOS,X,1,1,1,1,1,none,3142
103398,2026-08-29,after,light,iOS,Instagram,1,1,0,0,0,none,0
103399,2026-08-29,after,heavy,Android,X,1,0,0,0,0,none,0
103400,2026-08-29,after,light,Android,Google,1,1,1,0,0,none,0
103401,2026-08-29,after,heavy,Android,X,1,1,1,0,0,none,0
103402,2026-08-29,after,new,PC,Google,1,1,1,0,0,none,0
103403,2026-08-29,after,light,Android,Direct,1,1,1,0,0,none,0
103404,2026-08-29,after,light,PC,X,1,1,1,1,0,none,0
103405,2026-08-29,after,light,Android,Direct,1,1,1,1,0,none,0
103406,2026-08-29,after,heavy,iOS,Instagram,1,1,0,0,0,none,0
103407,2026-08-29,after,heavy,PC,Google,1,0,0,0,0,none,0
103408,2026-08-29,after,new,PC,Direct,1,1,0,0,0,none,0
103409,2026-08-29,after,light,PC,Direct,1,1,1,1,1,none,4935
103410,2026-08-29,after,new,Android,Direct,1,0,0,0,0,none,0
103411,2026-08-29,after,light,PC,Google,1,1,0,0,0,none,0
103412,2026-08-29,after,new,iOS,Google,1,1,1,0,0,timeout_error,0
103413,2026-08-29,after,new,iOS,Direct,1,1,1,1,1,none,2719
103414,2026-08-29,after,light,Android,Google,1,1,1,0,0,none,0
103415,2026-08-29,after,light,Android,X,1,1,1,1,1,payment_api_error,7221
103416,2026-08-29,after,new,iOS,Instagram,1,1,1,0,0,none,0
103417,2026-08-29,after,new,Android,X,1,1,0,0,0,none,0
103418,2026-08-29,after,new,Android,Google,1,1,1,1,1,none,4063
103419,2026-08-29,after,new,Android,Google,1,1,0,0,0,none,0
103420,2026-08-29,after,light,PC,Direct,1,1,1,1,1,none,6773
103421,2026-08-29,after,heavy,Android,Instagram,1,1,1,1,1,none,14150
103422,2026-08-29,after,new,Android,Google,1,1,1,0,0,none,0
103423,2026-08-29,after,light,iOS,Google,1,1,0,0,0,none,0
103424,2026-08-29,after,light,iOS,Instagram,1,1,1,1,1,none,5649
103425,2026-08-29,after,heavy,PC,Instagram,1,1,0,0,0,none,0
103426,2026-08-29,after,light,iOS,Instagram,1,1,1,1,1,none,5762
103427,2026-08-29,after,new,Android,Instagram,1,0,0,0,0,none,0
103428,2026-08-29,after,heavy,Android,Instagram,1,1,0,0,0,none,0
103429,2026-08-29,after,light,iOS,Direct,1,1,0,0,0,none,0
103430,2026-08-29,after,new,Android,Direct,1,1,0,0,0,none,0
103431,2026-08-29,after,light,Android,Direct,1,1,1,1,1,none,5391
103432,2026-08-29,after,light,iOS,Google,1,1,0,0,0,none,0
103433,2026-08-29,after,new,iOS,Direct,1,1,1,1,1,none,1735
103434,2026-08-29,after,new,iOS,Direct,1,1,1,0,0,none,0
103435,2026-08-29,after,light,Android,Google,1,1,1,0,0,payment_api_error,0
103436,2026-08-29,after,new,Android,X,1,1,0,0,0,none,0
103437,2026-08-29,after,new,Android,Google,1,1,1,0,0,none,0
103438,2026-08-29,after,new,Android,Instagram,1,0,0,0,0,none,0
103439,2026-08-29,after,light,PC,X,1,1,0,0,0,none,0
103440,2026-08-29,after,new,PC,X,1,1,0,0,0,none,0
103441,2026-08-29,after,new,iOS,Instagram,1,1,1,1,1,none,4263
103442,2026-08-29,after,new,Android,Instagram,1,1,1,1,0,payment_api_error,0
103443,2026-08-29,after,heavy,Android,Google,1,1,1,1,1,none,12161
103444,2026-08-29,after,light,Android,Direct,1,1,1,1,1,none,9455
103445,2026-08-29,after,light,iOS,Instagram,1,1,1,0,0,none,0
103446,2026-08-29,after,new,iOS,Direct,1,1,0,0,0,none,0
103447,2026-08-29,after,new,PC,Google,1,0,0,0,0,none,0
103448,2026-08-29,after,heavy,iOS,Direct,1,1,0,0,0,none,0
103449,2026-08-29,after,heavy,Android,Direct,1,1,1,1,1,none,13476
103450,2026-08-29,after,new,PC,Direct,1,1,0,0,0,none,0
103451,2026-08-29,after,light,PC,X,1,1,0,0,0,none,0
103452,2026-08-29,after,light,PC,Google,1,1,0,0,0,none,0
103453,2026-08-29,after,new,iOS,Instagram,1,0,0,0,0,none,0
103454,2026-08-29,after,new,PC,X,1,0,0,0,0,none,0
103455,2026-08-29,after,new,Android,Google,1,1,1,1,1,none,4391
103456,2026-08-29,after,light,Android,Google,1,1,0,0,0,none,0
103457,2026-08-29,after,new,Android,Instagram,1,0,0,0,0,none,0
103458,2026-08-29,after,new,Android,Instagram,1,1,1,1,0,timeout_error,0
103459,2026-08-29,after,new,PC,Google,1,1,0,0,0,none,0
103460,2026-08-29,after,new,iOS,Direct,1,1,1,1,0,none,0
103461,2026-08-29,after,heavy,Android,Direct,1,1,0,0,0,none,0
103462,2026-08-29,after,new,Android,Google,1,1,1,1,0,timeout_error,0
103463,2026-08-29,after,light,PC,Direct,1,1,1,1,1,none,3292
103464,2026-08-29,after,heavy,PC,Instagram,1,1,0,0,0,none,0
103465,2026-08-29,after,heavy,iOS,Google,1,1,0,0,0,none,0
103466,2026-08-29,after,new,PC,Instagram,1,1,0,0,0,none,0
103467,2026-08-29,after,heavy,iOS,Direct,1,1,1,0,0,none,0
103468,2026-08-29,after,light,iOS,Direct,1,1,0,0,0,none,0
103469,2026-08-29,after,light,Android,Direct,1,0,0,0,0,none,0
103470,2026-08-29,after,light,Android,Direct,1,1,1,1,1,none,6267
103471,2026-08-29,after,new,PC,Instagram,1,0,0,0,0,none,0
103472,2026-08-29,after,light,PC,Google,1,1,0,0,0,none,0
103473,2026-08-29,after,light,iOS,Instagram,1,1,0,0,0,none,0
103474,2026-08-29,after,heavy,iOS,Direct,1,1,1,1,1,none,8485
103475,2026-08-29,after,light,iOS,Google,1,1,1,1,1,none,5638
103476,2026-08-29,after,new,Android,Instagram,1,1,1,1,1,none,6169
103477,2026-08-29,after,light,Android,Instagram,1,1,0,0,0,none,0
103478,2026-08-29,after,light,iOS,X,1,1,0,0,0,none,0
103479,2026-08-29,after,light,Android,Google,1,1,1,0,0,none,0
103480,2026-08-29,after,new,PC,Instagram,1,1,1,1,1,none,4324
103481,2026-08-30,after,new,Android,Instagram,1,1,1,1,1,none,3250
103482,2026-08-30,after,light,iOS,Google,1,1,1,0,0,payment_api_error,0
103483,2026-08-30,after,light,Android,Direct,1,0,0,0,0,none,0
103484,2026-08-30,after,heavy,Android,Instagram,1,0,0,0,0,none,0
103485,2026-08-30,after,light,Android,X,1,1,0,0,0,none,0
103486,2026-08-30,after,new,PC,X,1,1,0,0,0,none,0
103487,2026-08-30,after,heavy,Android,Google,1,1,1,1,1,none,9822
103488,2026-08-30,after,light,iOS,Direct,1,1,0,0,0,none,0
103489,2026-08-30,after,light,Android,Direct,1,1,0,0,0,none,0
103490,2026-08-30,after,new,iOS,Direct,1,1,0,0,0,none,0
103491,2026-08-30,after,new,Android,Direct,1,1,0,0,0,none,0
103492,2026-08-30,after,light,Android,Direct,1,1,1,1,1,none,8283
103493,2026-08-30,after,heavy,PC,Google,1,1,1,1,1,none,10777
103494,2026-08-30,after,light,iOS,Instagram,1,1,1,1,1,none,5659
103495,2026-08-30,after,new,Android,Google,1,1,1,1,0,timeout_error,0
103496,2026-08-30,after,new,Android,X,1,1,0,0,0,none,0
103497,2026-08-30,after,new,iOS,Instagram,1,1,0,0,0,none,0
103498,2026-08-30,after,new,Android,X,1,1,0,0,0,none,0
103499,2026-08-30,after,light,iOS,Instagram,1,1,1,1,1,none,3968
103500,2026-08-30,after,new,Android,X,1,1,1,1,0,timeout_error,0
103501,2026-08-30,after,light,iOS,Google,1,1,0,0,0,none,0
103502,2026-08-30,after,light,iOS,Instagram,1,1,1,1,1,none,8877
103503,2026-08-30,after,new,Android,Direct,1,0,0,0,0,none,0
103504,2026-08-30,after,light,iOS,Google,1,1,1,1,0,none,0
103505,2026-08-30,after,new,Android,Instagram,1,1,1,1,0,timeout_error,0
103506,2026-08-30,after,new,iOS,X,1,1,1,1,1,none,5322
103507,2026-08-30,after,new,iOS,Direct,1,1,0,0,0,none,0
103508,2026-08-30,after,new,Android,Instagram,1,1,0,0,0,none,0
103509,2026-08-30,after,light,iOS,X,1,1,1,1,1,none,4825
103510,2026-08-30,after,light,Android,Direct,1,1,1,1,1,none,7475
103511,2026-08-30,after,new,PC,Google,1,1,0,0,0,none,0
103512,2026-08-30,after,light,Android,Google,1,1,1,0,0,none,0
103513,2026-08-30,after,new,iOS,Google,1,1,1,0,0,none,0
103514,2026-08-30,after,light,PC,Instagram,1,0,0,0,0,none,0
103515,2026-08-30,after,new,Android,Direct,1,0,0,0,0,none,0
103516,2026-08-30,after,new,iOS,X,1,0,0,0,0,none,0
103517,2026-08-30,after,heavy,PC,Google,1,1,0,0,0,payment_api_error,0
103518,2026-08-30,after,new,Android,Google,1,1,0,0,0,none,0
103519,2026-08-30,after,light,iOS,Google,1,0,0,0,0,none,0
103520,2026-08-30,after,light,Android,Instagram,1,1,0,0,0,none,0
103521,2026-08-30,after,new,Android,Direct,1,0,0,0,0,none,0
103522,2026-08-30,after,new,iOS,Google,1,1,0,0,0,none,0
103523,2026-08-30,after,heavy,PC,Google,1,0,0,0,0,none,0
103524,2026-08-30,after,light,iOS,Google,1,1,1,1,1,none,6518
103525,2026-08-30,after,light,Android,Instagram,1,0,0,0,0,none,0
103526,2026-08-30,after,light,Android,X,1,1,1,1,0,none,0
103527,2026-08-30,after,light,PC,Direct,1,1,1,1,0,none,0
103528,2026-08-30,after,heavy,PC,Instagram,1,1,1,0,0,none,0
103529,2026-08-30,after,light,Android,X,1,1,0,0,0,none,0
103530,2026-08-30,after,heavy,Android,Direct,1,1,1,0,0,none,0
103531,2026-08-30,after,light,iOS,Instagram,1,1,1,1,0,none,0
103532,2026-08-30,after,light,iOS,Direct,1,1,1,1,1,none,7622
103533,2026-08-30,after,new,iOS,X,1,1,1,1,1,none,5805
103534,2026-08-30,after,light,iOS,Instagram,1,1,0,0,0,none,0
103535,2026-08-30,after,light,iOS,Instagram,1,1,1,0,0,none,0
103536,2026-08-30,after,new,iOS,Instagram,1,1,0,0,0,none,0
103537,2026-08-30,after,new,iOS,Google,1,1,1,1,1,none,4093
103538,2026-08-30,after,heavy,Android,X,1,1,0,0,0,none,0
103539,2026-08-30,after,light,Android,Google,1,1,0,0,0,none,0
103540,2026-08-30,after,new,iOS,Direct,1,0,0,0,0,none,0
103541,2026-08-30,after,light,iOS,Google,1,1,0,0,0,none,0
103542,2026-08-30,after,new,iOS,Instagram,1,1,1,1,1,none,7170
103543,2026-08-30,after,light,Android,Google,1,1,0,0,0,none,0
103544,2026-08-30,after,light,iOS,Google,1,1,0,0,0,none,0
103545,2026-08-30,after,new,iOS,Google,1,0,0,0,0,none,0
103546,2026-08-30,after,heavy,PC,Instagram,1,1,0,0,0,none,0
103547,2026-08-30,after,heavy,PC,Google,1,1,1,1,1,none,2542
103548,2026-08-30,after,heavy,iOS,Google,1,1,1,1,1,none,14240
103549,2026-08-30,after,heavy,iOS,Direct,1,1,1,1,1,none,12177
103550,2026-08-30,after,light,iOS,X,1,1,0,0,0,none,0
103551,2026-08-30,after,new,iOS,Direct,1,1,1,1,1,none,4618
103552,2026-08-30,after,light,Android,Google,1,1,0,0,0,none,0
103553,2026-08-30,after,light,iOS,Direct,1,1,1,1,1,none,5850
103554,2026-08-30,after,light,Android,X,1,1,1,1,1,none,7181
103555,2026-08-30,after,new,PC,Instagram,1,1,0,0,0,none,0
103556,2026-08-30,after,new,iOS,Google,1,1,1,1,1,none,5645
103557,2026-08-30,after,new,iOS,Instagram,1,0,0,0,0,none,0
103558,2026-08-30,after,new,Android,Google,1,1,0,0,0,none,0
103559,2026-08-30,after,heavy,PC,Instagram,1,1,1,1,1,none,15889
103560,2026-08-30,after,light,iOS,Google,1,0,0,0,0,none,0
103561,2026-08-30,after,light,Android,Google,1,1,0,0,0,none,0
103562,2026-08-30,after,new,PC,Instagram,1,0,0,0,0,none,0
103563,2026-08-30,after,heavy,PC,Direct,1,1,1,1,1,none,11704
103564,2026-08-30,after,heavy,Android,Google,1,1,1,0,0,none,0
103565,2026-08-30,after,light,Android,Direct,1,1,0,0,0,none,0
103566,2026-08-30,after,light,iOS,X,1,1,1,1,1,none,6644
103567,2026-08-30,after,light,PC,Direct,1,1,0,0,0,none,0
103568,2026-08-30,after,light,PC,Instagram,1,1,1,1,1,none,9302
103569,2026-08-30,after,heavy,iOS,Direct,1,0,0,0,0,none,0
103570,2026-08-30,after,light,iOS,Instagram,1,1,1,1,1,none,7014
103571,2026-08-30,after,light,PC,Instagram,1,1,0,0,0,none,0
103572,2026-08-30,after,new,iOS,Direct,1,0,0,0,0,none,0
103573,2026-08-30,after,light,Android,Google,1,1,0,0,0,none,0
103574,2026-08-30,after,heavy,Android,Direct,1,0,0,0,0,none,0
103575,2026-08-30,after,new,iOS,Google,1,1,0,0,0,none,0
103576,2026-08-30,after,heavy,PC,Instagram,1,1,0,0,0,none,0
103577,2026-08-30,after,light,iOS,Direct,1,0,0,0,0,none,0
103578,2026-08-30,after,light,iOS,Google,1,1,0,0,0,none,0
103579,2026-08-30,after,new,Android,Instagram,1,1,0,0,0,none,0
103580,2026-08-30,after,new,iOS,Google,1,1,0,0,0,none,0
103581,2026-08-30,after,light,iOS,Google,1,0,0,0,0,none,0
103582,2026-08-30,after,light,Android,Google,1,1,0,0,0,none,0
103583,2026-08-30,after,heavy,Android,X,1,1,0,0,0,none,0
103584,2026-08-30,after,new,iOS,X,1,1,1,0,0,none,0
103585,2026-08-30,after,light,iOS,X,1,0,0,0,0,none,0
103586,2026-08-30,after,new,iOS,Google,1,0,0,0,0,none,0
103587,2026-08-30,after,light,iOS,Direct,1,0,0,0,0,none,0
103588,2026-08-30,after,new,iOS,Google,1,0,0,0,0,none,0
103589,2026-08-30,after,new,PC,Direct,1,1,1,1,1,none,1765
103590,2026-08-30,after,new,PC,Instagram,1,1,1,1,1,none,4015
103591,2026-08-30,after,heavy,Android,X,1,0,0,0,0,none,0
103592,2026-08-30,after,new,Android,Google,1,0,0,0,0,none,0
103593,2026-08-30,after,light,Android,Direct,1,0,0,0,0,none,0
103594,2026-08-30,after,heavy,Android,Instagram,1,1,1,1,1,none,9799
103595,2026-08-30,after,new,iOS,Instagram,1,1,0,0,0,none,0
103596,2026-08-30,after,light,iOS,Direct,1,1,0,0,0,none,0
103597,2026-08-30,after,light,iOS,Google,1,0,0,0,0,none,0
103598,2026-08-30,after,light,Android,Direct,1,1,0,0,0,none,0
103599,2026-08-30,after,light,iOS,Instagram,1,1,0,0,0,none,0
103600,2026-08-30,after,light,Android,Google,1,1,0,0,0,none,0
